001,マシュ・キリエライト,盾,4,2060,11516,1455,7815,地,0.84,0.84,0.84,0.84,0.84,3,9.9,99,24.5,2,1,2,3,0,QAABB,A,0,0,0,0,0,0,0,0,6,0,0,0,0,0,0,0,0,0,0,0,0,0,女,秩序,善,騎乗 今を生きる人類 円卓 夏モード@衣
002,アルトリア・ペンドラゴン,剣,5,2222,15150,1734,11221,地,0.86,0.86,0.86,0.86,0.86,3,10,102,21,2,1,2,3,1,QAABB,B,400,500,550,575,600,0,0,0,8,0,0,0,0,0,0,0,0,0,0,0,0,0,女,秩序,善,騎乗 竜 ｱﾙﾄﾘｱ顔 ｱｰｻｰ 円卓 王
003,アルトリア・ペンドラゴン〔オルタ〕,剣,4,1854,11589,1708,10248,人,0.86,0.86,0.86,0.86,0.86,3,9.9,99,19.2,2,1,2,3,3,QAABB,B,450,550,600,625,650,0,0,0,0,0,0,0,0,0,0,0,0,0,0,0,0,0,女,秩序,悪,竜 ｱﾙﾄﾘｱ顔 ｱｰｻｰ 円卓 王
004,アルトリア・ペンドラゴン〔リリィ〕,剣,4,1699,10623,1287,7726,地,0.86,0.86,0.86,0.86,0.86,3,10,102,21,2,1,2,3,8,QAABB,B,400,550,625,662.5,700,0,0,0,6,0,0,0,0,0,0,0,0,0,0,0,0,0,女,秩序,善,騎乗 竜 ｱﾙﾄﾘｱ顔 ｱｰｻｰ 王
005,ネロ・クラウディウス,剣,4,1880,11753,1574,9449,人,0.84,0.84,0.84,0.84,0.84,3,10.1,102,24.5,2,1,2,5,1,QAABB,A,600,750,825,862.5,900,0,0,0,8,0,0,0,0,0,0,0,0,0,0,0,0,0,女,混沌,善,騎乗 ﾛｰﾏ ｱﾙﾄﾘｱ顔 王
006,ジークフリート,剣,4,2266,14165,1363,8181,地,0.83,0.83,0.83,0.83,0.83,3,10,97,28,2,1,2,3,1,QAABB,B,400,500,550,575,600,0,0,0,8,0,0,0,0,0,0,0,0,0,0,0,0,0,男,混沌,善,騎乗 竜 愛する者 王 夏モード@衣
007,ガイウス・ユリウス・カエサル,剣,3,1727,9595,1392,7497,人,1.1,1.1,1.1,1.1,1.1,3,10,99,31.5,2,1,2,3,10,QQABB,Q,1600,2000,2200,2300,2400,125,0,0,8,0,0,0,0,0,0,0,0,0,0,0,0,0,男,中立,中庸,騎乗 神性 ﾛｰﾏ 愛する者 王
008,アルテラ,剣,5,2039,13907,1907,12343,人,0.84,0.84,0.84,0.84,0.84,3,10.1,102,24.5,2,1,2,3,1,QAABB,B,400,500,550,575,600,175,0,0,10,0,0,0,0,0,0,0,0,0,0,0,0,0,女,混沌,善,騎乗 神性 王
009,ジル・ド・レェ,剣,3,1889,10498,1228,6615,人,0.82,0.82,0.82,0.82,0.82,3,9.9,98,31.5,2,1,2,3,0,QAABB,A,0,0,0,0,0,0,0,12,8,0,0,0,0,0,0,0,0,0,0,0,0,0,男,秩序,善,騎乗 愛する者
010,シュヴァリエ・デオン,剣,4,2121,13256,1460,8765,人,0.83,0.83,0.83,0.83,0.83,3,10,102,28,2,1,2,3,0,QAABB,A,0,0,0,0,0,0,0,0,8,0,0,0,0,0,0,0,0,0,0,0,0,0,-,中立,中庸,騎乗 性別不明
011,エミヤ,弓,4,1843,11521,1566,9398,人,0.51,0.51,0.51,0.51,0.51,3,7.9,145,31.5,3,1,2,5,10,QAAAB,B,400,500,550,575,600,0,0,0,0,0,8,0,0,0,0,0,0,0,0,0,0,0,男,中立,中庸,愛する者 夏モード@衣
012,ギルガメッシュ,弓,5,1920,13097,1897,12280,天,0.34,0.34,0.34,0.34,0.34,3,7.9,153,31.5,5,5,5,8,1,QAABB,B,400,500,550,575,600,175,0,0,0,0,11,0,0,0,0,0,0,0,0,0,0,0,男,混沌,善,神性 王
013,ロビンフッド,弓,3,1833,10187,1247,6715,人,0.87,0.87,0.87,0.87,0.87,3,8,150,31.5,2,1,3,3,1,QQAAB,A,900,1200,1350,1425,1500,0,0,0,0,0,10,0,0,0,0,0,0,0,0,0,0,0,男,中立,善,愛する者 童話 夏モード@衣
014,アタランテ,弓,4,1996,12476,1438,8633,地,0.5,0.5,0.5,0.5,0.5,3,8,148,31.5,2,1,3,3,10,QQAAB,Q,800,1000,1100,1150,1200,0,0,0,0,0,10,0,0,0,0,0,0,0,0,0,0,0,女,中立,悪,ｱﾙｺﾞﾉｰﾂ ｹﾓﾉ科
015,エウリュアレ,弓,3,1711,9506,1306,7032,天,0.9,0.9,0.9,0.9,0.9,3,7.9,156,22.5,2,1,3,3,1,QQAAB,A,1200,1200,1200,1200,1200,300,0,0,0,0,11,0,0,0,0,0,0,0,0,0,0,0,女,混沌,善,神性 神霊
016,アーラシュ,弓,1,1424,7122,1057,5816,地,0.84,0.84,0.84,0.84,0.84,3,8,147,45,2,1,3,3,1,QAABB,B,800,1000,1100,1150,1200,0,0,0,0,0,6,0,0,0,0,0,0,0,0,0,0,0,男,混沌,中庸,愛する者
017,クー・フーリン,槍,3,1726,9593,1344,7239,天,1.07,1.07,1.07,1.07,1.07,4,12.1,87,32,2,1,2,3,1,QQABB,Q,1600,2000,2200,2300,2400,175,0,0,0,0,0,0,0,0,0,0,0,0,0,0,0,0,男,秩序,中庸,神性 愛する者
018,エリザベート・バートリー,槍,4,1899,11870,1520,9122,人,1.1,1.1,1.1,1.1,1.1,4,11.8,90,24,2,1,2,3,5,QQABB,B,400,500,550,575,600,0,8,0,0,0,0,0,0,0,0,0,0,0,0,0,0,0,女,混沌,悪,竜
019,武蔵坊弁慶,槍,2,1722,9149,1029,5801,人,0.79,0.79,0.79,0.79,0.79,4,11.9,89,36,2,1,2,3,0,QQAAB,A,0,0,0,0,0,0,0,0,0,0,0,0,0,0,0,0,0,0,0,0,0,0,男,混沌,善,愛する者 童話 源氏
020,クー・フーリン〔プロトタイプ〕,槍,3,1817,10098,1315,7082,天,1.08,1.08,1.08,1.08,1.08,4,12.1,88,28,2,1,2,3,1,QQABB,Q,1600,2000,2200,2300,2400,175,0,0,0,0,0,0,0,0,0,0,0,0,0,0,0,0,男,秩序,中庸,神性
021,レオニダス一世,槍,2,1498,7959,1168,6583,人,1.07,1.07,1.07,1.07,1.07,4,11.8,89,32,2,1,2,3,0,QQABB,B,0,0,0,0,0,0,0,0,0,0,0,0,0,0,0,0,0,0,0,0,0,0,男,秩序,中庸,王
022,ロムルス,槍,3,1779,9883,1344,7239,星,1.07,1.07,1.07,1.07,1.07,4,12.1,90,32,2,1,2,3,7,QQABB,B,300,400,450,475,500,0,0,0,0,0,0,0,0,0,0,0,0,0,0,0,0,0,男,混沌,中庸,ﾛｰﾏ 王 ｴﾇﾏ特攻無効
023,メドゥーサ,騎,3,1608,8937,1337,7200,地,0.58,0.58,0.58,0.58,0.58,3,9,194,35,3,1,2,3,1,QQAAB,Q,800,1000,1100,1150,1200,95,0,0,11,0,6,0,0,0,0,0,0,0,0,0,0,0,女,混沌,善,騎乗 神性 神霊
024,ゲオルギウス,騎,2,1731,9200,929,5236,人,0.85,0.85,0.85,0.85,0.85,3,8.9,205,45,2,1,2,3,4,QQAAB,A,900,1200,1350,1425,1500,0,0,0,8,0,0,0,0,0,0,0,0,0,0,0,0,0,男,秩序,善,騎乗 愛する者
025,エドワード・ティーチ,騎,2,1488,7907,1097,6188,人,0.56,0.56,0.56,0.56,0.56,3,8.8,198,45,3,1,2,3,5,QAABB,B,400,500,550,575,600,0,0,0,0,0,0,0,0,0,0,0,0,0,0,0,0,0,男,混沌,悪,夏モード@衣
026,ブーディカ,騎,3,1823,10130,1168,6289,人,0.85,0.85,0.85,0.85,0.85,3,8.9,196,45,2,1,2,3,0,QQAAB,A,0,0,0,0,0,0,0,0,10,0,0,0,0,0,0,0,0,0,0,0,0,0,女,中立,善,騎乗 王
027,牛若丸,騎,3,1625,9028,1314,7076,人,0.87,0.87,0.87,0.87,0.87,3,9.1,204,35,2,1,2,3,1,QQAAB,Q,1600,2000,2200,2300,2400,0,0,0,10,0,0,0,0,0,0,0,0,0,0,0,0,0,女,混沌,中庸,騎乗 愛する者 童話 源氏
028,アレキサンダー,騎,3,1555,8640,1366,7356,人,0.86,0.86,0.86,0.86,0.86,3,9,205,40,2,1,2,3,1,QQAAB,Q,800,1000,1100,1150,1200,100,0,0,11,0,0,0,0,0,0,0,0,0,0,0,0,0,男,中立,善,騎乗 神性 子供 王 ｷﾞﾘｼｬ男
029,マリー・アントワネット,騎,4,1975,12348,1382,8293,人,1,1,1,1,1,3,9,201,35,1,1,2,3,5,QQAAB,Q,800,1000,1100,1150,1200,0,0,0,11,0,0,0,0,0,0,0,0,0,0,0,0,0,女,秩序,善,騎乗
030,マルタ,騎,4,2090,13068,1335,8014,人,1.58,1.58,1.58,1.58,1.58,3,9,205,30,1,1,2,3,1,QAAAB,B,400,500,550,575,600,150,0,0,11.5,0,0,0,0,0,0,0,0,0,0,0,0,0,女,秩序,善,騎乗 神性
031,メディア,術,3,1555,8643,1377,7418,地,1.64,1.64,1.64,1.64,1.64,3,10.9,50,34.5,1,1,2,3,1,QAAAB,A,600,750,825,862.5,900,0,10,0,0,0,0,0,0,0,0,0,0,0,0,0,0,0,女,中立,悪,ｱﾙｺﾞﾉｰﾂ
032,ジル・ド・レェ,術,3,1711,9506,1209,6514,人,1.58,1.58,1.58,1.58,1.58,3,10.8,48,48,1,1,2,3,3,QAAAB,B,400,500,550,575,600,0,8,0,0,0,0,0,0,0,0,0,0,0,0,0,0,0,男,混沌,悪,
033,ハンス・クリスチャン・アンデルセン,術,2,1597,8484,1021,5758,人,1.66,1.66,1.66,1.66,1.66,3,10.8,48,30,1,1,2,3,0,QAAAB,A,0,0,0,0,0,0,4,0,0,0,0,0,0,0,0,0,0,0,0,0,0,0,男,秩序,中庸,子供
034,ウィリアム・シェイクスピア,術,2,1520,8080,1028,5798,人,1.59,1.59,1.59,1.59,1.59,3,10.8,50,45,1,1,2,3,4,QAAAB,B,400,500,550,575,600,0,6,0,0,0,0,0,0,0,0,0,0,0,0,0,0,0,男,中立,中庸,
035,メフィストフェレス,術,3,1659,9216,1270,6839,地,0.81,0.81,0.81,0.81,0.81,3,11,50,36,2,1,2,3,1,QAAAB,B,400,500,550,575,600,0,7,0,0,0,0,0,0,0,0,0,0,0,0,0,0,0,男,混沌,悪,
036,ヴォルフガング・アマデウス・モーツァルト,術,1,1425,7129,944,5195,星,1.6,1.6,1.6,1.6,1.6,3,11,49,40.5,1,1,2,3,0,QAAAB,A,0,0,0,0,0,0,8,0,0,0,0,0,0,0,0,0,0,0,0,0,0,0,男,中立,善,愛する者 ｴﾇﾏ特攻無効
037,諸葛孔明〔エルメロイⅡ世〕,術,5,2091,14259,1637,10598,人,1.64,1.64,1.64,1.64,1.64,3,10.8,50,34.5,1,1,2,3,0,QAAAB,A,0,0,0,0,0,0,10,0,0,0,0,0,0,0,0,0,0,0,0,0,0,0,男,中立,善,愛する者 今を生きる人類
038,クー・フーリン,術,3,1728,9604,1222,6580,天,1.6,1.6,1.6,1.6,1.6,3,10.9,49,42,1,1,2,3,1,QAAAB,B,400,500,550,575,600,175,8,0,0,0,0,0,0,0,0,0,0,0,0,0,0,0,男,秩序,中庸,神性 愛する者
039,佐々木小次郎,殺,1,1244,6220,1042,5735,人,1.05,1.05,1.05,1.05,1.05,4,25.3,102,55,2,1,2,4,3,QQQAB,Q,1600,2000,2200,2300,2400,0,0,0,0,0,0,0,0,0,0,0,0,0,4,0,0,0,男,中立,悪,
040,呪腕のハサン,殺,2,1429,7594,1114,6280,人,1.07,1.07,1.07,1.07,1.07,4,25.2,97,44,2,1,3,3,1,QQQAB,Q,1600,2000,2200,2300,2400,0,0,0,0,0,0,0,0,0,0,0,0,0,10.5,0,0,0,男,秩序,悪,
041,ステンノ,殺,4,1843,11518,1497,8985,天,2.26,2.26,2.26,2.26,2.26,4,25,104,27.5,1,1,2,3,0,QQQAB,B,0,0,0,0,0,300,0,0,0,0,0,0,0,0,0,0,0,0,10.5,0,0,0,女,混沌,善,神性 神霊
042,荊軻,殺,3,1492,8293,1338,7207,人,1.05,1.05,1.05,1.05,1.05,4,25.2,98,55,2,1,2,3,1,QQQAB,Q,1600,2000,2200,2300,2400,0,0,0,0,0,0,0,0,0,0,0,0,0,8,0,0,0,女,混沌,善,
043,シャルル＝アンリ・サンソン,殺,2,1564,8309,968,5456,人,1.06,1.06,1.06,1.06,1.06,4,24.8,102,49.5,2,1,2,3,1,QQQAB,B,800,1000,1100,1150,1200,0,0,0,0,0,0,0,0,0,0,0,0,0,4,0,0,0,男,秩序,悪,
044,ファントム・オブ・ジ・オペラ,殺,2,1580,8393,1003,5654,地,0.71,0.71,0.71,0.71,0.71,4,25.2,98,49.5,3,2,2,3,1,QQQAB,A,600,750,825,862.5,900,0,0,0,0,0,0,0,0,0,0,0,0,0,10,0,0,0,男,混沌,悪,
045,マタ・ハリ,殺,1,1313,6565,977,5377,人,2.1,2.1,2.1,2.1,2.1,4,24.6,98,55,1,1,2,3,0,QQQAB,A,0,0,0,0,0,0,0,0,0,0,0,0,0,0,0,0,0,0,0,0,0,0,女,混沌,中庸,
046,カーミラ,殺,4,1675,10473,1568,9408,地,2.15,2.15,2.15,2.15,2.15,4,25.2,98,44,1,1,2,3,1,QQQAB,B,800,1000,1100,1150,1200,0,0,0,0,0,0,0,0,0,0,0,0,0,4,0,0,0,女,混沌,悪,
047,ヘラクレス,狂,4,1652,10327,1775,10655,天,1.07,1.07,1.07,1.07,1.07,5,5,10,39,2,1,2,3,15,QABBB,B,600,800,900,950,1000,200,0,8,0,0,0,0,0,0,0,0,0,0,0,0,0,0,男,混沌,狂,神性 ｱﾙｺﾞﾉｰﾂ ｷﾞﾘｼｬ男
048,ランスロット,狂,4,1652,10327,1746,10477,地,0.5,0.5,0.5,0.5,0.5,5,5,10,52,2,1,2,3,10,QABBB,Q,600,800,900,950,1000,0,0,6,0,0,0,0,0,0,0,0,0,0,0,0,0,0,男,秩序,狂,円卓
049,呂布奉先,狂,3,1494,8302,1507,8119,人,1.04,1.04,1.04,1.04,1.04,5,5,9,50.3,2,1,2,3,1,QABBB,B,600,800,900,950,1000,0,0,10,0,0,0,0,0,0,0,0,0,0,0,0,0,0,男,混沌,悪,機械
050,スパルタクス,狂,1,1544,7722,922,5073,人,1.01,1.01,1.01,1.01,1.01,5,4.9,9,65,2,1,2,3,1,QABBB,B,400,500,550,575,600,0,0,12,0,0,0,0,0,0,0,0,0,0,0,0,0,0,男,中立,中庸,ﾛｰﾏ
051,坂田金時,狂,5,1782,12150,1964,12712,人,1.03,1.03,1.03,1.03,1.03,5,5,9,52,2,1,2,3,1,QABBB,B,800,1000,1100,1150,1200,125,0,2,0,0,0,0,0,0,0,0,0,0,0,0,0,0,男,秩序,善,神性 愛する者 童話 源氏
052,ヴラド三世,狂,5,2019,13770,1777,11499,地,0.5,0.5,0.5,0.5,0.5,5,4.9,9,45.5,2,1,2,3,10,QAABB,A,1200,1500,1650,1725,1800,0,0,12,0,0,0,0,0,0,0,0,0,0,0,0,0,0,男,混沌,悪,愛する者 王
053,アステリオス,狂,1,1320,6604,1097,6037,地,0.68,0.68,0.68,0.68,0.68,5,4.9,9,58.5,3,1,2,3,0,QABBB,A,0,0,0,0,0,0,0,8,0,0,0,0,0,0,0,0,0,0,0,0,0,0,男,混沌,悪,巨人 子供 ｷﾞﾘｼｬ男 ｹﾓﾉ科
054,カリギュラ,狂,2,1374,7303,1211,6831,人,0.68,0.68,0.68,0.68,0.68,5,5,9,56.8,3,1,2,3,0,QABBB,A,0,0,0,0,0,0,0,11,0,0,0,0,0,0,0,0,0,0,0,0,0,0,男,混沌,悪,ﾛｰﾏ 王
055,ダレイオス三世,狂,3,1577,8763,1412,7608,人,0.67,0.67,0.67,0.67,0.67,5,5,9,65,3,1,2,3,10,QABBB,B,400,500,550,575,600,0,0,8,0,0,0,0,0,0,0,0,0,0,0,0,0,0,男,秩序,中庸,巨人 王
056,清姫,狂,3,1649,9166,1233,6644,地,2.03,2.03,2.03,2.03,2.03,5,4.9,9,65,1,1,2,3,3,QABBB,B,300,400,450,475,500,0,0,12,0,0,0,0,0,0,0,0,0,0,0,0,0,0,女,混沌,悪,竜 子供
057,エイリーク・ブラッドアクス,狂,2,1447,7688,1116,6290,人,1.02,1.02,1.02,1.02,1.02,5,4.9,9,58.5,2,1,2,3,5,QABBB,B,300,400,450,475,500,0,0,8,0,0,0,0,0,0,0,0,0,0,0,0,0,0,男,混沌,中庸,王
058,タマモキャット,狂,4,1833,11458,1504,9026,地,0.71,0.71,0.71,0.71,0.71,5,5,10,39,3,2,2,3,5,QABBB,Q,800,1000,1100,1150,1200,0,0,6,0,0,0,0,0,0,0,0,0,0,0,0,0,0,女,混沌,善,猛獣 ｹﾓﾉ科
059,ジャンヌ・ダルク,裁,5,2420,16500,1482,9593,星,0.76,0.76,0.76,0.76,0.76,3,10.1,99,21,2,1,2,3,0,QAAAB,A,0,0,0,0,0,0,0,0,0,0,0,0,0,0,0,0,0,0,0,0,0,0,女,秩序,善,ｱﾙﾄﾘｱ顔
060,オリオン,弓,5,2134,14553,1716,11107,天,1,1,1,1,1,3,8,153,27,1,1,3,4,5,QQAAB,A,1200,1500,1650,1725,1800,0,0,0,0,0,11,0,0,0,0,0,0,0,0,0,0,0,男,混沌,中庸,ｷﾞﾘｼｬ男
061,エリザベート・バートリー〔ハロウィン〕,術,4,1824,11404,1436,8616,人,1.6,1.6,1.6,1.6,1.6,3,10.8,49,42,1,1,2,4,5,QAAAB,B,300,400,450,475,500,0,8,0,0,0,0,0,0,0,0,0,0,0,0,0,0,0,女,混沌,悪,竜
062,玉藻の前,術,5,2091,14259,1629,10546,天,0.32,0.32,0.32,0.32,0.32,3,11,49,36,5,1,3,4,0,QAAAB,A,0,0,0,0,0,200,6,0,0,0,0,0,0,0,0,0,0,0,0,0,0,0,女,中立,悪,神性 神霊 ｹﾓﾉ科
063,ダビデ,弓,3,1555,8643,1436,7736,天,0.76,0.76,0.76,0.76,0.76,3,8,153,36,2,1,2,3,1,QAAAB,B,800,1000,1100,1150,1200,0,0,0,0,0,10,0,0,0,0,0,0,0,0,0,0,0,男,秩序,中庸,王
064,ヘクトール,槍,3,1836,10200,1286,6928,人,1.08,1.08,1.08,1.08,1.08,4,12.2,90,28,2,1,2,3,1,QQABB,B,400,500,550,575,600,0,0,0,8,0,0,0,0,0,0,0,0,0,0,0,0,0,男,秩序,中庸,騎乗 ｷﾞﾘｼｬ男
065,フランシス・ドレイク,騎,5,1881,12830,1750,11326,星,0.42,0.42,0.42,0.42,0.42,3,9,208,50,4,2,6,4,5,QAABB,B,400,500,550,575,600,0,0,0,8,0,0,0,0,0,0,0,0,0,0,0,0,0,女,混沌,悪,騎乗 ｴﾇﾏ特攻無効
066,アン・ボニー＆メアリー・リード,騎,4,1805,11286,1504,9029,人,0.84,0.84,0.84,0.84,0.84,3,9.1,200,50,2,1,2,3,6,QQAAB,Q,1600,2000,2200,2300,2400,0,0,0,0,0,0,0,0,0,0,0,0,0,0,0,0,0,女,混沌,悪,
067,メディア〔リリィ〕,術,4,2091,13070,1294,7766,地,0.4,0.4,0.4,0.4,0.4,3,10.7,51,36,4,3,4,5,0,QAAAB,A,0,0,0,0,0,0,8,0,0,0,0,0,0,0,0,0,0,0,0,0,0,0,女,秩序,善,ｱﾙｺﾞﾉｰﾂ
068,沖田総司,剣,5,1939,13225,1865,12068,人,1.09,1.09,1.09,1.09,1.09,3,10.2,98,35,2,1,5,3,3,QQABB,Q,1200,1600,1800,1900,2000,0,0,0,2,0,0,0,0,0,0,0,0,0,0,0,0,0,女,中立,中庸,騎乗 ｱﾙﾄﾘｱ顔 新選組
069,織田信長,弓,4,1862,11637,1582,9494,人,0.43,0.43,0.43,0.43,0.43,3,7.9,150,31.5,4,4,2,5,10,QAABB,B,300,400,450,475,500,0,0,0,0,0,8,0,0,0,0,0,0,0,0,0,0,0,女,秩序,中庸,王 信長
070,スカサハ,槍,5,2174,14825,1758,11375,星,0.71,0.71,0.71,0.71,0.71,4,12.2,88,32,3,6,2,7,1,QQABB,Q,1600,2000,2200,2300,2400,0,0,0,0,0,0,0,0,0,0,0,0,0,0,0,0,0,女,中立,善,王 ｹﾓﾉ科@衣
071,ディルムッド・オディナ,槍,3,1817,10098,1277,6877,地,0.79,0.79,0.79,0.79,0.79,4,12.3,87,36,2,2,2,4,2,QQAAB,Q,1600,2000,2200,2300,2400,0,0,0,0,0,0,0,0,0,0,0,0,0,0,0,0,0,男,秩序,中庸,愛する者
072,フェルグス・マック・ロイ,剣,3,1761,9786,1385,7460,地,1.09,1.09,1.09,1.09,1.09,3,10,99,35,2,1,2,3,5,QABBB,B,400,500,550,575,600,0,0,0,8,0,0,0,0,0,0,0,0,0,0,0,0,0,男,秩序,中庸,騎乗 愛する者 王
073,アルトリア・ペンドラゴン〔サンタオルタ〕,騎,4,1805,11286,1543,9258,人,0.87,0.87,0.87,0.87,0.87,3,8.9,204,35,2,1,2,3,3,QAABB,B,450,550,600,625,650,0,0,0,10,0,0,0,0,0,0,0,0,0,0,0,0,0,女,秩序,善,騎乗 竜 ｱﾙﾄﾘｱ顔 ｱｰｻｰ 円卓 王
074,ナーサリー・ライム,術,4,1901,11882,1438,8629,人,0.54,0.54,0.54,0.54,0.54,3,10.8,50,36,3,1,3,3,3,QAAAB,A,600,750,825,862.5,900,0,10,0,0,0,0,0,0,0,0,0,0,0,0,0,0,0,女,中立,中庸,童話 子供@2-3
075,ジャック・ザ・リッパー,殺,5,1862,12696,1786,11557,地,1.07,1.07,1.07,1.07,1.07,4,25.5,97,44,2,2,5,4,4,QQQAB,Q,1400,1800,2000,2100,2200,0,0,0,0,0,0,0,0,0,0,0,0,0,10.5,0,0,0,女,混沌,悪,子供
076,モードレッド,剣,5,2153,14680,1811,11723,地,0.56,0.56,0.56,0.56,0.56,3,10,98,24.5,3,1,2,4,5,QAABB,B,400,500,550,575,600,0,0,0,8,0,0,0,0,0,0,0,0,0,0,0,0,0,女,混沌,中庸,騎乗 竜 ｱﾙﾄﾘｱ顔 円卓
077,ニコラ・テスラ,弓,5,2027,13825,1820,11781,星,0.87,0.87,0.87,0.87,0.87,3,7.9,147,31.5,2,1,3,3,3,QAABB,B,400,500,550,575,600,0,0,0,0,0,8,0,0,0,0,0,0,0,0,0,0,0,男,混沌,善,愛する者 ｴﾇﾏ特攻無効
078,アルトリア・ペンドラゴン〔オルタ〕,槍,4,1881,11761,1661,9968,天,0.74,0.74,0.74,0.74,0.74,4,11.8,88,23,3,1,2,4,4,QQABB,B,400,500,550,575,600,0,0,0,10,0,0,0,0,0,0,0,0,0,0,0,0,0,女,秩序,善,騎乗 竜 ｱﾙﾄﾘｱ顔 ｱｰｻｰ 円卓 王
079,ヴァン・ホーエンハイム・パラケルスス,術,3,1711,9506,1246,6711,人,0.55,0.55,0.55,0.55,0.55,3,10.8,50,36,2,1,2,3,3,QAAAB,A,400,500,550,575,600,0,10,0,0,0,0,0,0,0,0,0,0,0,0,0,0,0,男,混沌,善,愛する者
080,チャールズ・バベッジ,術,3,1959,10887,1113,5996,人,0.91,0.91,0.91,0.91,0.91,3,10.8,48,36,2,1,2,3,4,QAABB,B,400,500,550,575,600,0,0,0,0,0,0,0,0,0,0,0,0,0,0,0,0,0,男,混沌,中庸,機械
081,ヘンリー・ジキル,殺,3,1741,9675,1173,6320,地,1.05,1.05,1.05,1.05,1.05,4,25.6,99,55,2,1,2,3,0,QQABB,B,0,0,0,0,0,0,0,0,0,0,0,0,0,0,0,0,0,0,10,0,0,0,男,秩序,善,愛する者
082,エドワード・ハイド,狂,3,1546,8592,1402,7551,地,1.02,1.02,1.02,1.02,1.02,5,5,9,58.5,2,1,2,3,0,QQABB,B,0,0,0,0,0,0,0,0,0,0,0,0,0,0,0,0,0,0,10,0,0,0,男,混沌,悪,
083,フランケンシュタイン,狂,4,1710,10687,1573,9441,地,0.83,0.83,0.83,0.83,0.83,5,4.9,10,58.5,2,1,2,3,6,QABBB,Q,900,1100,1200,1250,1300,0,0,4,0,0,0,0,0,0,0,0,0,0,0,0,0,0,女,混沌,中庸,機械
084,アルジュナ,弓,5,1940,13230,1907,12342,天,0.51,0.51,0.51,0.51,0.51,3,8,154,31.5,3,3,2,5,1,QAAAB,B,400,500,550,575,600,175,0,0,0,0,10,0,0,0,0,0,0,0,0,0,0,0,男,秩序,中庸,神性
085,カルナ,槍,5,1999,13632,1850,11976,天,0.72,0.72,0.72,0.72,0.72,4,12.2,88,28,3,1,3,4,5,QQABB,B,400,500,550,575,600,200,0,0,10,0,0,0,0,0,0,0,0,0,0,0,0,0,男,秩序,善,騎乗 神性 愛する者
086,謎のヒロインX,殺,5,1862,12696,1817,11761,星,0.81,0.81,0.81,0.81,0.81,4,25.6,98,38.5,2,1,4,4,12,QQAAB,Q,1600,2000,2200,2300,2400,0,0,0,12,0,0,0,0,0,0,0,0,0,10,0,0,0,女,混沌,善,騎乗 竜 ｱﾙﾄﾘｱ顔 ｱｰｻｰ 王 ｴﾇﾏ特攻無効
087,フィン・マックール,槍,4,2040,12750,1488,8930,天,0.55,0.55,0.55,0.55,0.55,4,12.3,89,32,2,1,2,4,3,QQAAB,A,600,750,825,862.5,900,125,0,0,0,0,0,0,0,0,0,0,0,0,0,0,0,0,男,中立,中庸,神性
088,ブリュンヒルデ,槍,5,2174,14825,1766,11432,天,1.07,1.07,1.07,1.07,1.07,4,12.2,87,32,2,1,3,5,5,QQABB,B,800,1000,1100,1150,1200,100,0,0,10,0,0,0,0,0,0,0,0,0,0,0,0,0,女,中立,善,騎乗 神性 神霊 戦乙女
089,ベオウルフ,狂,4,1652,10327,1707,10247,地,0.68,0.68,0.68,0.68,0.68,5,4.9,10,58.5,3,1,3,4,12,QABBB,B,700,900,1000,1050,1100,0,0,1,0,0,0,0,0,0,0,0,0,0,0,0,0,0,男,混沌,善,愛する者 王
090,ネロ・クラウディウス〔ブライド〕,剣,5,2089,14248,1793,11607,人,0.7,0.7,0.7,0.7,0.7,3,10.1,102,35,3,1,3,5,2,QAABB,A,1200,1500,1650,1725,1800,0,0,0,8,0,0,0,0,0,0,0,0,0,0,0,0,0,女,混沌,花嫁,騎乗 ﾛｰﾏ ｱﾙﾄﾘｱ顔 王
091,両儀式,剣,5,2266,15453,1656,10721,人,0.84,0.84,0.84,0.84,0.84,3,9.9,102,24.5,2,1,4,4,1,QAABB,A,600,750,825,862.5,900,0,6,6,6,0,6,0,0,0,0,0,0,0,0,0,0,0,女,中立,中庸,ｴﾇﾏ特攻無効 ｹﾓﾉ科@衣
092,両儀式,殺,4,1768,11055,1477,8867,人,0.8,0.8,0.8,0.8,0.8,4,25.6,102,44,2,1,4,5,3,QQAAB,A,1200,1500,1650,1725,1800,0,0,0,0,0,10,0,0,0,0,0,0,0,6,0,0,0,女,混沌,善,今を生きる人類 ｴﾇﾏ特攻無効
093,天草四郎,裁,5,2069,14107,1695,10972,人,0.86,0.86,0.86,0.86,0.86,3,10,100,21,2,1,3,7,1,QAABB,B,400,500,550,575,600,0,0,0,0,0,0,0,0,0,0,0,0,0,0,0,0,0,男,秩序,善,
094,アストルフォ,騎,4,1787,11172,1489,8937,地,0.66,0.66,0.66,0.66,0.66,1,9,205,40,2,1,2,4,1,QQQAB,Q,800,1000,1100,1150,1200,0,0,0,11,0,8,0,0,0,0,0,0,0,0,0,0,0,-,混沌,善,騎乗 性別不明
095,子ギル,弓,3,1571,8731,1429,7696,天,0.62,0.62,0.62,0.62,0.62,3,7.9,153,36,3,3,3,3,10,QAABB,B,400,500,550,575,600,175,0,0,0,0,10,0,0,0,0,0,0,0,0,0,0,0,男,混沌,善,神性 子供 王
096,巌窟王 エドモン・ダンテス,讐,5,1785,12177,1953,12641,人,0.62,0.62,0.62,0.62,0.62,5,5.9,30,7,2,3,4,5,8,QQABB,Q,800,1000,1100,1150,1200,0,0,0,0,0,8,0,0,0,0,0,0,0,0,0,0,0,男,混沌,悪,夏モード@衣
097,ナイチンゲール,狂,5,2232,15221,1573,10184,人,0.77,0.77,0.5,0.77,0.77,5,5,10,56.8,2,1,6,5,0,QAABB,A,0,0,0,0,0,0,0,12,0,0,0,0,0,0,0,0,0,0,0,0,0,0,女,秩序,善,
098,クー・フーリン〔オルタ〕,狂,5,1790,12210,1979,12805,地,0.69,0.69,0.69,0.69,0.69,5,5.1,9,52,3,3,4,5,12,QABBB,B,800,1000,1100,1150,1200,150,0,6,0,0,0,0,0,0,0,0,0,0,0,0,0,0,男,混沌,悪,神性 愛する者
099,女王メイヴ,騎,5,2048,13968,1591,10296,地,0.86,0.86,0.86,0.86,0.86,3,9,208,40,2,1,3,7,5,QAABB,B,800,1000,1100,1150,1200,0,0,0,10,0,0,0,0,0,0,0,0,0,0,0,0,0,女,混沌,悪,騎乗 王
100,エレナ・ブラヴァツキー,術,4,1901,11882,1438,8629,人,0.45,0.45,0.45,0.45,0.45,3,10.7,51,36,3,1,6,3,3,QAAAB,A,600,750,825,862.5,900,0,10,0,0,0,0,0,0,0,0,0,0,0,0,0,0,0,女,混沌,善,
101,ラーマ,剣,4,1919,11993,1642,9854,天,0.84,0.84,0.84,0.84,0.84,3,10.2,100,24.5,2,1,2,4,5,QAABB,B,800,1000,1100,1150,1200,200,0,0,11,0,0,0,0,0,0,0,0,0,0,0,0,0,男,秩序,善,騎乗 神性 愛する者 王
102,神槍 李書文,槍,4,1817,11360,1608,9653,人,0.52,0.52,0.52,0.52,0.52,4,12.2,87,40,3,1,3,5,3,QQAAB,A,1200,1500,1650,1725,1800,0,0,0,0,0,0,0,0,0,0,0,0,0,0,0,0,0,男,中立,悪,
103,トーマス・エジソン,術,4,1901,11882,1325,7952,人,0.51,0.51,0.51,0.51,0.51,3,10.6,51,60,3,3,3,5,1,QAAAB,A,600,750,825,862.5,900,0,4,0,0,0,0,0,0,0,0,0,0,0,0,0,0,0,男,秩序,中庸,
104,ジェロニモ,術,3,1642,9123,1273,6857,人,0.9,0.9,0.9,0.9,0.9,3,11,49,40.5,2,1,2,4,1,QAABB,A,600,750,825,862.5,900,0,8,0,0,0,0,0,0,0,0,0,0,0,0,0,0,0,男,中立,善,愛する者
105,ビリー・ザ・キッド,弓,3,1711,9506,1279,6890,人,0.56,0.56,0.56,0.56,0.56,3,8,150,45,3,4,2,4,3,QQAAB,Q,1600,2000,2200,2300,2400,0,0,0,7,0,10,0,0,0,0,0,0,0,0,0,0,0,男,混沌,中庸,騎乗
106,ジャンヌ・ダルク〔オルタ〕,讐,5,1724,11761,2046,13244,人,0.83,0.83,0.83,0.83,0.83,5,6,29,5.7,2,4,3,7,10,QAABB,B,800,1000,1100,1150,1200,0,0,0,0,0,10,0,0,0,0,0,0,0,0,0,0,0,女,混沌,悪,ｱﾙﾄﾘｱ顔
107,アンリマユ,讐,0,1502,7981,1008,5683,人,0.79,0.79,0.79,0.79,0.79,5,6,29,9,2,1,3,4,0,QQAAB,A,0,0,0,0,0,0,0,0,0,0,10,0,0,0,0,0,0,0,0,0,0,0,男,混沌,悪,
108,イスカンダル,騎,5,1938,13219,1786,11560,人,0.86,0.86,0.86,0.86,0.86,3,8.8,205,40,2,1,3,6,8,QAABB,B,400,500,550,575,600,150,0,0,10,0,0,0,0,0,0,0,0,0,0,0,0,0,男,中立,善,騎乗 神性 愛する者 王 ｷﾞﾘｼｬ男
109,エミヤ〔アサシン〕,殺,4,1786,11168,1493,8958,人,0.46,0.46,0.46,0.46,0.28,4,25.6,97,44,2,6,4,8,15,QQAAB,A,1200,1500,1650,1725,1800,0,0,0,0,0,10,0,0,0,0,0,0,0,10.5,0,0,0,男,混沌,悪,愛する者
110,百貌のハサン,殺,3,1675,9310,1241,6686,人,0.48,0.48,0.48,0.48,0.38,4,25.5,97,44,3,1,3,6,13,QQAAB,A,1200,1500,1650,1725,1800,0,0,0,0,0,0,0,0,0,0,0,0,0,10,0,0,0,女,秩序,悪,
111,アイリスフィール〔天の衣〕,術,4,1996,12476,1372,8237,天,0.42,0.42,0.42,0.42,0.42,3,10.8,50,34.5,3,3,3,4,0,QAAAB,A,0,0,0,0,0,200,8,0,0,0,0,0,0,0,0,0,0,0,0,0,0,0,女,混沌,善,神性
112,酒呑童子,殺,5,1881,12825,1853,11993,地,0.55,0.55,0.55,0.55,0.55,4,25,98,31.6,3,1,4,6,1,QQAAB,A,600,750,825,862.5,900,150,0,0,0,0,0,0,0,0,0,0,0,0,6,0,0,0,女,混沌,悪,神性 魔性 竜 鬼
113,玄奘三蔵,術,5,1901,12965,1801,11658,人,0.82,0.82,0.82,0.82,0.82,3,11,52,34.5,2,1,3,6,12,QAAAB,B,800,1000,1100,1150,1200,125,11,0,0,0,0,0,0,0,0,0,0,0,0,0,0,0,女,秩序,善,神性
114,源頼光,狂,5,1980,13500,1786,11556,天,0.46,0.46,0.46,0.46,0.46,5,4.9,9,39,4,1,3,5,7,QAABB,B,400,500,550,575,600,150,0,12,11,0,0,0,0,0,0,0,0,0,0,0,0,0,女,混沌,善,騎乗 神性 源氏
115,坂田金時,騎,4,1728,10800,1636,9819,地,1.15,1.15,1.15,1.15,1.15,3,9,198,40,2,1,4,5,4,QQABB,Q,1200,1600,1800,1900,2000,150,0,0,0,0,0,0,0,0,0,0,0,0,0,0,0,0,男,秩序,善,神性 愛する者 童話 源氏
116,茨木童子,狂,4,1752,10954,1606,9636,地,1.03,1.03,1.03,1.03,1.03,5,4.9,10,52,2,1,4,5,1,QABBB,B,600,800,900,950,1000,0,0,8,0,0,0,0,0,0,0,0,0,0,0,0,0,0,女,混沌,悪,魔性 子供 鬼
117,風魔小太郎,殺,3,1592,8844,1316,7091,人,0.54,0.54,0.54,0.54,0.54,4,25.6,100,38.5,4,1,4,4,5,QQQAB,Q,800,1000,1100,1150,1200,0,0,0,0,0,0,0,0,0,0,0,0,0,10.5,0,0,0,男,混沌,悪,夏モード@衣
118,オジマンディアス,騎,5,1881,12830,1850,11971,天,0.59,0.59,0.59,0.59,0.59,3,9,205,30,3,1,5,5,5,QAABB,B,800,1000,1100,1150,1200,175,0,0,11,0,0,0,0,0,0,0,0,0,0,0,0,0,男,混沌,中庸,騎乗 神性 愛する者 王
119,アルトリア・ペンドラゴン,槍,5,2288,15606,1699,10995,天,1.1,1.1,1.1,1.1,1.1,4,12.2,89,24,2,1,3,5,2,QQABB,B,300,400,450,475,500,0,0,0,10,0,0,0,0,0,0,0,0,0,0,0,0,0,女,秩序,善,騎乗 竜 ｱﾙﾄﾘｱ顔 ｱｰｻｰ 円卓 王
120,ニトクリス,術,4,1806,11288,1510,9060,地,0.54,0.54,0.54,0.54,0.54,3,10.8,50,36,3,3,4,5,3,QAAAB,A,600,750,825,862.5,900,175,10,0,0,0,0,0,0,0,0,0,0,0,0,0,0,0,女,秩序,善,神性 神霊 王
121,ランスロット,剣,4,1854,11589,1658,9949,地,0.83,0.83,0.83,0.83,0.83,3,10,100,28,2,4,3,5,1,QAABB,A,1200,1500,1650,1725,1800,0,0,0,8,0,0,0,0,0,0,0,0,0,0,0,0,0,男,秩序,善,騎乗 愛する者 円卓
122,トリスタン,弓,4,1862,11637,1622,9735,地,0.58,0.58,0.58,0.58,0.58,3,8.1,145,31.5,3,5,4,6,7,QQAAB,Q,1600,2000,2200,2300,2400,0,0,0,0,0,8,0,0,0,0,0,0,0,0,0,0,0,男,秩序,善,円卓
123,ガウェイン,剣,4,1827,11419,1695,10173,地,1.14,1.14,1.14,1.14,1.14,3,10,102,21,2,1,2,5,4,QABBB,B,400,500,550,575,600,0,0,0,8,0,0,0,0,0,0,0,0,0,0,0,0,0,男,秩序,善,騎乗 愛する者 円卓
124,静謐のハサン,殺,3,1675,9310,1232,6636,人,0.53,0.53,0.53,0.53,0.53,4,25.6,102,44,3,4,3,5,1,QQAAB,A,1200,1500,1650,1725,1800,0,0,0,0,0,10,0,0,0,0,0,0,0,10.5,0,0,0,女,秩序,悪,
125,俵藤太,弓,3,1764,9800,1306,7032,人,0.57,0.57,0.57,0.57,0.57,3,7.8,150,36,3,1,2,5,3,QAABB,B,400,500,550,575,600,0,0,0,0,0,8,0,0,0,0,0,0,0,0,0,0,0,男,中立,善,愛する者
126,ベディヴィエール,剣,3,1727,9595,1416,7627,星,1.11,1.11,1.11,1.11,1.11,3,10.2,100,28,2,1,2,5,2,QQABB,B,800,1000,1100,1150,1200,0,0,0,10,0,0,0,0,0,0,0,0,0,0,0,0,0,男,秩序,善,騎乗 愛する者 円卓
127,レオナルド・ダ・ヴィンチ,術,5,2091,14259,1637,10598,星,0.54,0.54,0.54,0.54,0.54,3,10.8,50,34.5,3,1,4,4,1,QAAAB,A,600,750,825,862.5,900,0,10,0,0,0,0,0,0,0,0,0,0,0,0,0,0,0,女,混沌,善,
128,玉藻の前,槍,5,2221,15147,1657,10726,天,1.05,1.05,1.05,1.05,1.05,4,12.2,91,40,2,3,4,4,4,QQABB,B,600,800,900,950,1000,230,10,0,10,0,0,0,0,0,0,0,0,0,0,0,0,0,女,中立,夏,騎乗 神性 神霊 夏モード ｹﾓﾉ科
129,アルトリア・ペンドラゴン,弓,5,2134,14553,1742,11276,地,0.59,0.59,0.59,0.59,0.59,3,8,153,25.8,3,3,4,5,10,QQAAB,A,900,1200,1350,1425,1500,0,10,0,0,0,10,0,0,0,0,0,0,0,0,0,0,0,女,秩序,善,竜 ｱﾙﾄﾘｱ顔 ｱｰｻｰ 円卓 王 夏モード
130,マリー・アントワネット,術,4,1824,11404,1510,9060,人,0.32,0.32,0.32,0.32,0.32,3,10.9,50,36,5,1,3,4,3,QAAAB,A,450,600,675,712.5,750,0,10,0,0,0,0,0,0,0,0,0,0,0,0,0,0,0,女,秩序,善,夏モード
131,アン・ボニー＆メアリー・リード,弓,4,1843,11521,1574,9446,人,0.85,0.85,0.85,0.85,0.85,3,8.1,153,40.5,2,1,3,5,9,QAABB,B,600,800,900,950,1000,0,0,0,0,0,10,0,0,0,0,0,0,0,0,0,0,0,女,混沌,中庸,夏モード
132,モードレッド,騎,4,1824,11400,1535,9212,地,0.71,0.71,0.71,0.71,0.71,3,9.2,204,35,2,1,3,4,5,QQAAB,A,450,600,675,712.5,750,0,5,0,0,0,0,0,0,0,0,0,0,0,5,0,0,0,女,混沌,善,竜 ｱﾙﾄﾘｱ顔 円卓 夏モード
133,スカサハ,殺,4,1786,11168,1508,9049,星,0.71,0.71,0.71,0.71,0.71,4,25.6,98,44,3,3,3,5,5,QQQAB,Q,600,800,900,950,1000,0,0,0,0,0,0,0,0,0,0,0,0,0,2,0,0,0,女,中立,善,王 夏モード
134,清姫,槍,4,1899,11870,1489,8936,地,1.05,1.05,1.05,1.05,1.05,4,12,92,40,2,6,2,5,6,QQABB,B,600,800,900,950,1000,0,0,12,0,0,0,0,0,0,0,0,0,0,0,0,0,0,女,混沌,悪,竜 子供 夏モード
135,マルタ,裁,4,1800,11250,1591,9546,人,0.76,0.76,0.76,0.76,0.76,3,10,102,21,3,1,4,5,10,QABBB,B,800,1000,1100,1150,1200,0,0,0,0,0,0,0,0,0,0,0,0,0,0,0,0,0,女,秩序,善,夏モード
136,イリヤスフィール・フォン・アインツベルン,術,5,2027,13825,1677,10857,人,0.32,0.32,0.32,0.32,0.32,3,10.7,51,42,5,1,3,5,4,QAAAB,B,800,1000,1100,1150,1200,0,0,0,0,0,0,0,0,0,0,0,0,0,0,0,0,0,女,中立,善,ｲﾘﾔ 今を生きる人類 子供
137,クロエ・フォン・アインツベルン,弓,4,1746,10914,1640,9845,天,0.38,0.38,0.38,0.38,0.38,3,8,148,36,6,2,3,4,6,QQAAB,A,900,1200,1350,1425,1500,0,0,0,0,0,8,0,0,0,0,0,0,0,0,0,0,0,女,混沌,善,今を生きる人類 子供
138,エリザベート・バートリー〔ブレイブ〕,剣,4,1799,11248,1649,9899,地,0.55,0.55,0.55,0.55,0.55,3,9.9,100,28,3,1,4,5,7,QAABB,B,800,100,1100,1150,1200,0,6,0,0,0,0,0,0,0,0,0,0,0,0,0,0,0,女,混沌,善,竜
139,クレオパトラ,殺,5,1965,13402,1713,11088,人,1.06,1.06,1.06,1.06,1.06,4,25.5,98,49.5,2,3,4,6,5,QQABB,B,400,500,550,575,600,125,0,0,0,0,0,0,0,0,0,0,0,0,8,0,0,0,女,秩序,中庸,神性 王
140,ヴラド三世〔EXTRA〕,槍,4,2080,13005,1462,8775,人,1.1,1.1,1.1,1.1,1.1,4,11.6,88,24,2,3,3,5,6,QQABB,B,600,800,900,950,1000,0,0,0,0,0,0,0,0,0,0,0,0,0,0,0,0,0,男,秩序,善,王
141,ジャンヌ・ダルク・オルタ・サンタ・リリィ,槍,4,1899,11870,1543,9261,人,0.72,0.72,0.72,0.72,0.72,4,12.1,92,28,3,1,3,5,5,QQABB,B,300,400,450,475,500,0,0,0,0,0,0,0,0,0,0,0,0,0,0,0,0,0,女,混沌,善,ｱﾙﾄﾘｱ顔 子供
142,イシュタル,弓,5,2048,13965,1893,12252,天,0.45,0.45,0.45,0.45,0.45,3,8,153,22.5,4,1,4,7,3,QAABB,B,400,500,550,575,600,225,0,0,0,0,10,0,0,0,0,0,0,0,0,0,0,0,女,秩序,善,神性 今を生きる人類
143,エルキドゥ,槍,5,2244,15300,1666,10780,天,0.53,0.53,0.53,0.53,0.53,4,12,90,28,5,1,4,6,5,QQQAB,B,800,1000,1100,1150,1200,0,0,0,0,0,0,0,0,0,0,0,0,0,0,0,0,0,-,中立,中庸,性別不明
144,ケツァル・コアトル,騎,5,1900,12960,1854,12001,天,0.9,0.9,0.9,0.9,0.9,3,9,205,25,2,3,3,5,1,QAABB,B,600,800,900,950,1000,300,0,0,12,0,0,0,0,0,0,0,0,0,0,0,0,0,女,秩序,善,騎乗 神性 神霊 王
145,ギルガメッシュ,術,4,1920,12005,1410,8460,人,0.32,0.32,0.32,0.32,0.16,3,10.9,51,42,5,6,2,5,10,QAAAB,A,600,750,825,862.5,900,175,10,0,0,0,0,0,0,0,0,0,0,0,0,0,0,0,男,秩序,善,神性 愛する者 王 夏モード@衣
146,メドゥーサ,槍,4,2099,13119,1375,8253,地,0.44,0.44,0.44,0.44,0.44,4,12.2,89,40,4,1,3,5,8,QQAAB,Q,1600,2000,2200,2300,2400,250,0,0,0,0,0,0,0,0,0,0,0,0,0,0,0,0,女,中立,善,神性 神霊 子供
147,ゴルゴーン,讐,4,1631,10197,1784,10706,地,0.37,0.37,0.37,0.37,0.37,5,6,29,7,5,3,3,5,3,QAABB,B,400,500,550,575,600,0,0,0,0,0,6,0,0,0,0,0,0,0,0,0,0,0,女,混沌,悪,神霊 ｹﾓﾉ科
148,ジャガーマン,槍,3,1726,9593,1304,7022,地,1.05,1.05,1.05,1.05,1.05,4,12,90,40,2,4,2,6,2,QQABB,B,600,800,900,950,1000,200,0,2,0,0,0,0,0,0,0,0,0,0,0,0,0,0,女,混沌,中庸,神性 今を生きる人類 猛獣 ｹﾓﾉ科
150,マーリン,術,5,2091,14259,1629,10546,地,0.81,0.81,0.81,0.81,0.81,3,10.8,49,36,2,5,3,6,0,QAAAB,A,0,0,0,0,0,0,6,0,0,0,0,0,0,0,0,0,0,0,0,0,0,0,男,秩序,善,円卓 夏モード@衣
153,宮本武蔵,剣,5,1999,13635,1860,12037,人,0.87,0.87,0.87,0.87,0.87,3,10,100,35,3,2,3,4,7,QABBB,B,800,1000,1100,1150,1200,0,0,0,0,0,0,0,0,0,0,0,0,0,0,0,0,0,女,混沌,善,
154,“山の翁”,殺,5,1956,13338,1831,11848,人,1,1,1,1,1,4,25.5,98,49.5,3,1,5,6,1,QABBB,B,600,800,900,950,1000,0,0,0,0,0,8,0,0,0,0,0,0,0,10,0,0,0,男,秩序,悪,愛する者
155,謎のヒロインX〔オルタ〕,狂,5,2079,14175,1717,11113,星,1.07,1.07,1.07,1.07,1.07,5,5,9,37.3,2,4,3,5,9,QQABB,Q,1600,2000,2200,2300,2400,0,0,6,0,0,0,0,0,0,0,0,0,0,0,0,0,0,女,中立,悪,竜 ｱﾙﾄﾘｱ顔 ｱｰｻｰ 円卓 王 ｴﾇﾏ特攻無効
156,新宿のアーチャー,弓,5,2007,13685,1820,11781,人,0.38,0.38,0.38,0.38,0.38,3,8,153,31.5,4,5,3,6,12,QAAAB,B,600,800,900,950,1000,0,0,0,0,0,11,0,0,0,0,0,0,0,0,0,0,0,男,混沌,悪,
157,エミヤ〔オルタ〕,弓,4,1960,12250,1499,8996,人,0.43,0.43,0.43,0.43,0.43,3,7.9,145,31.5,4,4,4,5,10,QQAAB,A,1200,1500,1650,1725,1800,0,0,0,0,0,10,0,0,0,0,0,0,0,0,0,0,0,男,混沌,悪,
158,新宿のアヴェンジャー,讐,4,1591,9949,1771,10628,地,0.79,0.79,0.79,0.79,0.79,5,6,29,10,2,2,3,5,8,QQAAB,Q,1600,2000,2200,2300,2400,0,0,0,0,0,8,0,0,0,0,0,0,0,0,0,0,0,男,混沌,悪,童話 猛獣 ｹﾓﾉ科
159,新宿のアサシン,殺,4,1862,11637,1443,8661,人,0.71,0.71,0.71,0.71,0.71,4,25.6,100,49.5,3,1,3,5,11,QQQAB,Q,1600,2000,2200,2300,2400,0,0,0,5,0,5,0,0,0,0,0,0,0,6,0,0,0,男,混沌,悪,愛する者 梁山泊 夏モード@衣
160,アーサー・ペンドラゴン〔プロトタイプ〕,剣,5,2049,13975,1926,12465,地,0.84,0.84,0.84,0.84,0.84,3,10,100,24.5,2,1,3,5,3,QAABB,B,300,400,450,475,500,0,0,0,8,0,0,0,0,0,0,0,0,0,0,0,0,0,男,秩序,善,騎乗 竜 ｱｰｻｰ 愛する者 円卓 王
161,土方歳三,狂,5,1764,12028,1868,12089,人,1.08,1.08,1.08,1.08,1.08,5,4.9,9,65,2,2,3,3,5,QQABB,B,800,1000,1100,1150,1200,0,0,5,0,0,0,0,0,0,0,0,0,0,0,0,0,0,男,秩序,悪,新選組
162,茶々,狂,4,1764,11025,1490,8945,人,1.03,1.03,1.03,1.03,1.03,5,4.9,10,52,2,5,3,4,8,QABBB,B,300,400,450,475,500,0,0,3,0,0,0,0,0,0,0,0,0,0,0,0,0,0,女,混沌,中庸,子供
163,メルトリリス,分,5,1965,13402,1807,11692,地,0.92,0.92,0.92,0.92,0.92,4,10.2,100,30,2,1,4,6,8,QQABB,Q,1200,1600,1800,1900,2000,225,0,0,8,0,10,0,0,0,0,0,0,0,0,0,0,0,女,秩序,善,騎乗 神性 機械
164,パッションリップ,分,4,1744,10901,1716,10299,地,0.77,0.77,0.77,0.77,0.77,4,9.9,97,35,3,1,4,5,12,QABBB,B,400,500,550,575,600,200,0,0,0,0,6,0,0,0,0,0,0,0,10.5,0,0,0,女,秩序,中庸,神性 機械
165,鈴鹿御前,剣,4,1880,11753,1590,9544,天,0.57,0.57,0.57,0.57,0.57,3,10.2,100,21,3,3,3,4,10,QAABB,B,400,500,550,575,600,200,0,0,8,0,0,0,0,0,0,0,0,0,0,0,0,0,女,中立,悪,騎乗 神性 神霊 鬼
166,BB,月,4,2182,13643,1366,8197,人,0.61,0.61,0.61,0.61,0.61,3,14.7,52,0.6,3,1,4,4,5,QQAAB,A,900,1200,1350,1425,1500,0,10,0,0,0,0,0,0,0,0,0,0,0,0,0,0,0,女,混沌,善,機械
167,殺生院キアラ,分,5,2142,14606,1803,11668,獣,0.55,0.55,0.55,0.55,0.55,4,10,97,25,3,1,3,5,3,QAABB,A,600,750,825,862.5,900,0,0,0,0,0,10,0,0,0,0,0,0,0,0,0,0,0,女,混沌,悪,
169,不夜城のキャスター,術,5,2324,15846,1423,9212,人,0.51,0.51,0.51,0.51,0.51,3,10.8,52,48,3,4,4,4,5,QAAAB,A,600,750,825,862.5,900,0,11.5,0,0,0,0,0,0,0,0,0,0,0,0,0,0,0,女,秩序,中庸,
170,不夜城のアサシン,殺,4,1750,10942,1496,8981,人,0.87,0.87,0.87,0.87,0.87,4,25.5,102,38.5,3,3,3,3,4,QQABB,Q,1600,2000,2200,2300,2400,0,0,0,0,0,0,0,0,0,0,0,0,0,4,0,0,0,女,秩序,悪,子供 王
171,エルドラドのバーサーカー,狂,4,1628,10175,1750,10502,地,1.07,1.07,1.07,1.07,1.07,5,4.9,9,39,2,2,3,5,8,QABBB,B,600,800,900,950,1000,175,0,12,0,0,0,0,0,0,0,0,0,0,0,0,0,0,女,秩序,善,神性 王
172,レジスタンスのライダー,騎,3,1728,9600,1216,6552,人,0.55,0.55,0.55,0.55,0.55,3,8.9,208,50,3,4,3,5,5,QAABB,B,400,500,550,575,600,0,0,0,8,0,0,0,0,0,0,0,0,0,0,0,0,0,男,中立,悪,騎乗
173,シャーロック・ホームズ,裁,5,1960,13365,1776,11495,星,0.76,0.76,0.76,0.76,0.76,3,10,103,24.5,3,4,3,5,0,QQAAB,A,0,0,0,0,0,0,12,0,0,0,0,0,0,0,0,0,0,0,0,0,0,0,男,中立,善,ｴﾇﾏ特攻無効
174,ポール・バニヤン,狂,1,1239,6196,1099,6044,地,0.67,0.67,0.67,0.67,0.67,5,4.9,9,65,3,3,3,4,2,QABBB,B,400,500,550,575,600,0,0,4,0,0,0,0,0,0,0,0,0,0,0,0,0,0,女,中立,中庸,童話 巨人 子供 ｹﾓﾉ科@衣
175,ネロ・クラウディウス,術,5,2007,13685,1677,10857,人,0.4,0.4,0.4,0.4,0.4,3,11.1,51,42,6,2,4,6,5,QAABB,B,300,400,450,475,500,0,11,0,8,0,0,0,0,0,0,0,0,0,0,0,0,0,女,混沌,夏,騎乗 ﾛｰﾏ ｱﾙﾄﾘｱ顔 王 夏モード
176,フランケンシュタイン,剣,4,1919,11993,1558,9353,地,0.7,0.7,0.7,0.7,0.7,3,9.9,102,31.5,4,5,3,5,5,QQABB,Q,1200,1600,1800,1900,2000,0,0,2,12,0,0,0,0,0,0,0,0,0,0,0,0,0,女,中立,夏,騎乗 機械 夏モード
177,ニトクリス,殺,4,1843,11518,1468,8812,天,0.78,0.78,0.78,0.78,0.78,4,25,102,33,2,1,3,4,3,QQAAB,A,450,600,675,712.5,750,185,0,0,0,0,0,0,0,0,0,0,0,0,10,0,0,0,女,秩序,善,神性 神霊 王 夏モード
178,織田信長,狂,4,1603,10023,1691,10146,人,0.93,0.93,0.93,0.93,0.93,5,5,10,52,2,6,3,5,12,QABBB,B,800,1000,1100,1150,1200,0,0,6,0,0,0,0,0,0,0,0,0,0,0,0,0,0,女,混沌,夏,王 信長 夏モード
179,アルトリア・ペンドラゴン〔オルタ〕,騎,5,2090,14256,1665,10776,人,0.59,0.59,0.59,0.59,0.59,3,9,200,30,3,2,3,5,6,QQAAB,Q,1200,1600,1800,1900,2000,0,0,0,8,0,12,0,0,0,0,0,0,0,0,0,0,0,女,秩序,悪,騎乗 竜 ｱﾙﾄﾘｱ顔 ｱｰｻｰ 円卓 王 夏モード
180,エレナ・ブラヴァツキー,弓,4,1824,11404,1574,9446,人,0.38,0.38,0.38,0.38,0.38,3,8,153,27,5,1,3,3,4,QQAAB,A,600,750,825,862.5,900,0,0,0,0,0,6,0,0,0,0,0,0,0,0,0,0,0,女,混沌,善,夏モード
181,源頼光,槍,4,1938,12112,1528,9168,天,0.75,0.75,0.75,0.75,0.75,4,11.8,89,24,4,1,3,5,6,QQABB,B,600,800,900,950,1000,150,0,6,11,0,0,0,0,0,0,0,0,0,0,0,0,0,女,秩序,善,騎乗 神性 源氏 夏モード
182,イシュタル,騎,4,1710,10692,1600,9603,天,0.68,0.68,0.68,0.68,0.68,3,9,200,35,3,5,2,3,4,QQAAB,Q,600,800,900,950,1000,225,0,0,12,0,10,0,0,0,0,0,0,0,0,0,0,0,女,秩序,善,騎乗 神性 今を生きる人類 夏モード
183,パールヴァティー,槍,4,2120,13253,1354,8127,天,1.08,1.08,1.08,1.08,1.08,4,11.8,90,28,2,3,3,5,4,QQABB,Q,600,800,900,950,1000,225,0,0,0,0,0,0,0,0,0,0,0,0,0,0,0,0,女,秩序,善,神性 今を生きる人類
184,アーチャー・インフェルノ,弓,4,1728,10804,1657,9946,地,0.87,0.87,0.87,0.87,0.87,3,7.9,153,31.5,2,2,3,5,1,QAABB,B,800,1000,1100,1150,1200,0,0,2,0,0,10,0,0,0,0,0,0,0,0,0,0,0,女,中立,中庸,魔性 源氏 鬼
185,アサシン・パライソ,殺,4,1862,11637,1418,8510,地,0.8,0.8,0.8,0.8,0.8,4,25.5,99,44,2,3,3,4,5,QQAAB,A,1200,1500,1650,1725,1800,0,0,0,0,0,0,0,0,0,0,0,0,0,10.5,0,0,0,女,混沌,悪,
186,宝蔵院胤舜,槍,3,1799,9996,1261,6791,人,1.06,1.06,1.06,1.06,1.06,4,12.2,90,36,2,2,3,4,0,QQQAB,A,0,0,0,0,0,0,0,0,0,0,0,0,0,0,0,0,0,0,0,0,0,0,男,中立,中庸,愛する者
187,柳生但馬守宗矩,剣,4,1781,11135,1666,9999,人,0.81,0.81,0.81,0.81,0.81,3,10.3,100,35,2,1,4,4,4,QAABB,A,900,1200,1350,1425,1500,0,0,0,8,0,0,0,0,0,0,0,0,0,0,0,0,0,男,秩序,中庸,騎乗 愛する者 源氏
188,加藤段蔵,殺,4,1768,11055,1489,8935,地,0.71,0.71,0.71,0.71,0.71,4,25.5,100,44,3,2,4,5,3,QQABB,B,400,500,550,575,600,0,0,0,0,0,0,0,0,0,0,0,0,0,10,0,0,0,女,中立,中庸,機械
189,刑部姫,殺,5,2027,13822,1672,10824,地,0.83,0.83,0.83,0.83,0.83,4,24.6,102,31.6,2,3,4,5,0,QQAAB,Q,0,0,0,0,0,150,11,0,0,0,0,0,0,0,0,0,0,0,8,0,0,0,女,混沌,中庸,神性
190,メカエリチャン,分,4,1744,10901,1666,9997,人,0.9,0.9,0.9,0.9,0.9,4,9.7,97,50,3,2,4,4,8,QABBB,B,600,800,900,950,1000,0,0,0,0,0,0,0,0,0,0,0,0,0,0,0,0,0,女,秩序,善,機械 人類の脅威
191,メカエリチャンⅡ号機,分,4,1744,10901,1666,9997,人,0.9,0.9,0.9,0.9,0.9,4,9.7,97,50,3,2,4,4,8,QABBB,B,600,800,900,950,1000,0,0,0,0,0,0,0,0,0,0,0,0,0,0,0,0,0,女,秩序,善,機械 人類の脅威
192,オケアノスのキャスター,術,4,1960,12250,1445,8671,天,0.39,0.39,0.39,0.39,0.39,3,10.8,51,34.5,3,2,3,4,5,QAAAB,B,800,1000,1100,1150,1200,0,8,0,0,0,0,0,0,0,0,0,0,0,0,0,0,0,女,混沌,中庸,ｱﾙｺﾞﾉｰﾂ
193,哪吒,槍,4,1938,12112,1547,9284,天,0.72,0.72,0.72,0.72,0.72,4,12.2,91,28,3,3,4,4,3,QQABB,B,400,500,550,575,600,0,0,0,0,0,0,0,0,0,0,0,0,0,0,0,0,0,女,中立,善,機械
194,ミドラーシュのキャスター,術,4,1940,12127,1438,8629,人,0.81,0.81,0.81,0.81,0.81,3,10.8,51,36,3,4,4,5,5,QAABB,A,900,1200,1350,1425,1500,0,6,0,0,0,0,0,0,0,0,0,0,0,0,0,0,0,女,中立,善,王
195,アビゲイル・ウィリアムズ,降,5,2019,13770,1870,12100,地,0.25,0.25,0.25,0.25,0.25,3,14.8,148,7,6,4,4,5,4,QAAAB,B,600,800,900,950,1000,175,0,8,0,0,0,0,0,0,0,0,0,0,0,0,0,0,女,混沌,悪,神性 子供 領域外の生命 ｴﾇﾏ特攻無効 人類の脅威
196,エレシュキガル,槍,5,2356,16065,1598,10343,地,0.54,0.54,0.54,0.54,0.54,4,11.8,90,28,6,1,4,4,5,QQABB,B,400,500,550,575,600,225,11,0,0,0,0,0,0,0,0,0,0,0,0,0,0,0,女,混沌,悪,神性 王
197,アルテラ・ザ・サン〔タ〕,弓,4,1862,11637,1626,9759,星,0.59,0.59,0.59,0.59,0.59,3,8.1,153,27,3,3,3,4,10,QQAAB,Q,1200,1600,1800,1900,2000,175,0,0,12,0,10,0,0,0,0,0,0,0,0,0,0,0,女,混沌,善,騎乗 神性 王 ｴﾇﾏ特攻無効
198,葛飾北斎,降,5,1940,13230,1870,12100,人,0.33,0.33,0.33,0.33,0.33,3,15,153,7,6,4,4,4,5,QAABB,A,450,600,675,712.5,750,175,4,0,0,0,0,0,0,0,0,0,0,0,0,0,0,0,女,混沌,中庸,神性 領域外の生命 人類の脅威
199,セミラミス,殺,5,1945,13266,1747,11309,地,0.39,0.39,0.39,0.39,0.39,4,24.7,102,33,4,4,4,5,5,QAAAB,B,400,500,550,575,600,150,12,0,0,0,0,0,0,0,0,0,0,0,6.5,0,0,0,女,秩序,悪,神性 王
200,浅上藤乃,弓,4,1764,11025,1716,10299,人,0.59,0.59,0.59,0.59,0.59,3,7.9,148,27,3,3,3,5,3,QAABB,B,800,1000,1100,1150,1200,0,8,0,0,0,11,0,0,0,0,0,0,0,0,0,0,0,女,秩序,悪,今を生きる人類 ｴﾇﾏ特攻無効
201,アナスタシア,術,5,2091,14259,1629,10546,人,0.51,0.51,0.51,0.51,0.51,3,10.8,49,36,3,3,4,5,4,QAAAB,A,450,600,675,712.5,750,0,12,0,0,0,0,0,0,0,0,0,0,0,0,0,0,0,女,中立,中庸,
202,アタランテ〔オルタ〕,狂,4,1701,10634,1634,9806,地,1.05,1.05,1.05,1.05,1.05,5,5.1,9,45.5,2,3,3,5,5,QQABB,Q,1200,1600,1800,1900,2000,0,0,8,0,0,10,0,0,0,0,0,0,0,8,0,0,0,女,混沌,悪,ｱﾙｺﾞﾉｰﾂ 猛獣 ｹﾓﾉ科
203,アヴィケブロン,術,3,1796,9981,1184,6376,人,0.61,0.61,0.61,0.61,0.61,3,10.7,50,36,2,4,4,5,3,QAAAB,B,400,500,550,575,600,0,8,0,0,0,0,0,0,0,0,0,0,0,0,0,0,0,男,秩序,中庸,
204,アントニオ・サリエリ,讐,3,1411,7840,1509,8125,地,0.7,0.7,0.7,0.7,0.7,5,6.1,30,8,2,3,3,5,3,QAABB,A,450,600,675,712.5,750,0,0,0,0,0,8,0,0,0,0,0,0,0,0,0,0,0,男,混沌,悪,愛する者
205,イヴァン雷帝,騎,5,1948,13284,1795,11619,人,0.62,0.62,0.62,0.62,0.62,3,8.9,200,40,3,2,4,4,5,QAABB,B,400,500,550,575,600,0,0,0,12,0,0,0,0,0,0,0,0,0,0,0,0,0,男,秩序,悪,騎乗 巨人 猛獣 王 ｹﾓﾉ科
206,アキレウス,騎,5,1938,13219,1836,11883,地,0.57,0.57,0.57,0.57,0.57,3,9.1,196,40,3,2,4,4,5,QQAAB,Q,800,1000,1100,1150,1200,150,0,0,11,0,0,0,0,0,0,0,0,0,0,0,0,0,男,秩序,中庸,騎乗 神性 愛する者 ｷﾞﾘｼｬ男 夏モード@衣
207,ケイローン,弓,4,1960,12250,1549,9294,天,0.68,0.68,0.68,0.68,0.68,3,8.1,148,31.5,3,4,3,5,4,QQAAB,A,1200,1500,1650,1725,1800,150,0,0,0,0,10,0,0,0,0,0,0,0,0,0,0,0,男,秩序,善,神性 神霊 ｱﾙｺﾞﾉｰﾂ ｷﾞﾘｼｬ男
208,ジーク,術,4,1806,11288,1399,8394,人,0.78,0.78,0.78,0.78,0.78,3,10.8,50,54,2,3,3,4,3,QAABB,A,450,600,675,712.5,750,0,6.5,0,0,0,12,0,0,0,0,0,0,0,0,0,0,0,男,中立,善,竜
209,沖田総司〔オルタ〕,分,5,1862,12696,1926,12465,人,0.77,0.77,0.77,0.77,0.77,4,10.2,99,35,3,3,5,5,7,QQABB,B,300,400,450,475,500,0,0,0,0,0,10,0,0,0,0,0,0,0,0,0,0,0,女,中立,中庸,ｱﾙﾄﾘｱ顔 愛する者 新選組 性別不明@衣 女性@1-3
210,岡田以蔵,殺,3,1592,8844,1277,6879,人,0.79,0.79,0.79,0.79,0.79,4,25,97,55,2,1,4,5,4,QQAAB,A,1200,1500,1650,1725,1800,0,0,0,0,0,0,0,0,0,0,0,0,0,8,0,0,0,男,中立,悪,
211,坂本龍馬,騎,4,1900,11880,1425,8555,人,0.56,0.56,0.56,0.56,0.56,3,9,203,45,3,4,4,6,4,QAABB,A,900,1200,1350,1425,1500,170,0,0,11,0,0,0,0,0,0,0,0,0,0,0,0,0,男,中立,中庸,騎乗 神性 愛する者
212,ナポレオン,弓,5,1920,13097,1859,12033,星,0.59,0.59,0.59,0.59,0.59,3,8,150,45,3,1,3,5,5,QAABB,B,400,500,550,575,600,0,0,0,0,0,6,0,0,0,0,0,0,0,0,0,0,0,男,中立,善,愛する者 王 ｴﾇﾏ特攻無効
213,シグルド,剣,5,2049,13975,1926,12465,地,0.62,0.62,0.62,0.62,0.62,3,10,97,28,3,2,4,5,7,QAABB,B,800,1000,1100,1150,1200,175,0,0,10,0,0,0,0,0,0,0,0,0,0,0,0,0,男,中立,善,騎乗 神性 竜 愛する者 夏モード@衣
214,ワルキューレ,槍,4,2244,14025,1339,8037,天,0.86,0.86,0.86,0.86,0.86,4,12,87,23,2,3,3,4,7,QQABB,Q,600,800,900,950,1000,200,0,0,0,0,0,0,0,0,0,0,0,0,0,0,0,0,女,秩序,善,神性 神霊 戦乙女
215,スカサハ＝スカディ,術,5,2112,14406,1661,10753,天,0.67,0.67,0.67,0.67,0.67,3,10.8,49,30,3,4,4,5,0,QQAAB,A,0,0,0,0,0,250,12,0,0,0,0,0,0,0,0,0,0,0,0,0,0,0,女,混沌,善,神性 神霊 王
216,ジャンヌ・ダルク,弓,5,2309,15743,1626,10525,人,0.68,0.68,0.68,0.68,0.68,3,8,153,36,2,2,4,5,4,QAABB,A,450,600,675,712.5,750,0,0,0,0,0,10,0,0,0,0,0,0,0,0,0,0,0,女,秩序,夏,ｱﾙﾄﾘｱ顔 夏モード
217,茨木童子,槍,4,1976,12354,1522,9133,地,1.06,1.06,1.06,1.06,1.06,4,11.7,90,36,2,4,4,5,3,QQABB,B,600,800,900,950,1000,0,0,4,0,0,0,0,0,0,0,0,0,0,0,0,0,0,女,混沌,悪,魔性 子供 夏モード 鬼
218,牛若丸,殺,4,1692,10580,1576,9456,人,0.54,0.54,0.54,0.54,0.54,4,25.3,102,38.5,4,3,4,6,5,QQQAB,Q,800,1000,1100,1150,1200,0,0,0,11,0,11,0,0,0,0,0,0,0,5.5,0,0,0,女,中立,夏,騎乗 愛する者 童話 源氏 夏モード
219,ジャンヌ・ダルク〔オルタ〕,狂,4,1587,9922,1716,10298,人,0.52,0.52,0.52,0.52,0.52,5,5,9,45.5,4,3,4,5,5,QABBB,B,600,800,900,950,1000,0,0,12,0,0,0,0,0,0,0,0,0,0,0,0,0,0,女,混沌,夏,ｱﾙﾄﾘｱ顔 夏モード
220,BB,月,5,2172,14812,1728,11182,地,0.61,0.61,0.61,0.61,0.61,3,14.8,52,0.5,3,5,4,4,3,QAABB,B,300,400,450,475,500,250,10,0,0,0,0,0,0,0,0,0,0,0,0,0,0,0,女,混沌,悪,神性 神霊 機械 巨人 超巨大 領域外の生命 夏モード
221,女王メイヴ,剣,4,2177,13609,1336,8017,地,0.72,0.72,0.72,0.72,0.72,3,10,104,31.5,2,2,4,5,6,QAABB,A,900,1200,1350,1425,1500,0,0,0,10,0,0,0,0,0,0,0,0,0,0,0,0,0,女,混沌,悪,騎乗 王 夏モード
222,謎のヒロインXX,降,4,1800,11250,1625,9751,星,0.64,0.64,0.64,0.64,0.64,3,15,147,10,3,4,4,4,4,QAABB,A,1200,1500,1650,1725,1800,0,0,0,10,0,10,0,0,0,0,0,0,0,8,0,0,0,女,秩序,善,騎乗 竜 ｱﾙﾄﾘｱ顔 ｱｰｻｰ 愛する者 王 領域外の生命 夏モード ｴﾇﾏ特攻無効
223,ディルムッド・オディナ,剣,4,1818,11362,1674,10048,地,0.73,0.73,0.73,0.73,0.73,3,10.2,97,31.5,3,4,4,4,10,QQABB,Q,1200,1600,1800,1900,2000,0,0,0,8,0,0,0,0,0,0,0,0,0,0,0,0,0,男,秩序,中庸,騎乗 愛する者
224,シトナイ,分,5,2048,13965,1803,11668,天,0.83,0.83,0.83,0.83,0.83,4,10.2,102,25,2,3,4,5,6,QAABB,A,900,1200,1350,1425,1500,225,10,0,0,0,0,0,0,0,0,0,0,0,0,0,0,0,女,混沌,善,神性 ｲﾘﾔ 童話 子供
225,酒呑童子,術,4,1764,11025,1589,9538,地,0.46,0.46,0.46,0.46,0.46,3,11,50,34.5,4,2,4,5,13,QAAAB,B,600,800,900,950,1000,150,8,0,0,0,0,0,0,0,0,0,0,0,0,0,0,0,女,混沌,悪,神性 魔性 竜 鬼
226,項羽,狂,5,2019,13770,1794,11613,人,0.51,0.51,0.51,0.51,0.51,5,5.1,9,52,4,3,6,5,5,QABBB,Q,600,800,900,950,1000,0,0,8,0,0,8,0,0,0,0,0,0,0,0,0,0,0,男,秩序,中庸,機械 巨人
227,蘭陵王,剣,4,2020,12625,1518,9112,人,0.65,0.65,0.65,0.65,0.65,3,10.2,98,31.5,3,2,3,5,0,QAABB,A,0,0,0,0,0,0,0,0,10,0,0,0,0,0,0,0,0,0,0,0,0,0,男,秩序,善,騎乗 愛する者 夏モード@衣
228,秦良玉,槍,4,2142,13387,1382,8295,人,0.79,0.79,0.79,0.79,0.79,4,12.1,91,36,2,3,4,4,0,QQAAB,A,0,0,0,0,0,0,0,0,0,0,0,0,0,0,0,0,0,0,0,0,0,0,女,秩序,善,愛する者
229,始皇帝,裁,5,2321,15828,1541,9977,人,0.47,0.47,0.47,0.47,0.47,3,10,100,23.6,4,3,5,4,0,QAABB,A,0,0,0,0,0,0,0,0,0,0,0,0,0,0,0,0,0,0,0,0,0,0,-,秩序,善,王
230,虞美人,殺,4,2142,13389,1328,7970,地,0.75,0.75,0.75,0.75,0.75,4,24.7,97,31.6,4,3,4,4,5,QQABB,B,300,400,450,475,500,0,0,0,0,0,0,0,0,0,0,0,0,0,8,0,0,0,女,秩序,悪,魔性 不明な特性
231,赤兎馬,騎,3,1886,10483,1194,6434,地,0.57,0.57,0.57,0.57,0.57,3,9,198,40,3,1,4,5,4,QQAAB,Q,600,800,900,950,1000,0,0,0,12,0,0,0,0,0,0,0,0,0,0,0,0,0,男,中立,中庸,騎乗 愛する者 猛獣 ｹﾓﾉ科
232,ブラダマンテ,槍,5,2300,15682,1674,10833,地,0.7,0.7,0.7,0.7,0.7,4,12.1,88,32,2,4,4,5,5,QQAAB,Q,600,800,900,950,1000,0,0,0,0,0,0,0,0,0,0,0,0,0,0,0,0,0,女,秩序,善,愛する者
233,ケツァル・コアトル〔サンバ／サンタ〕,裁,4,1809,11306,1614,9687,天,0.71,0.71,0.71,0.71,0.71,3,10,104,21,3,4,4,5,4,QQABB,B,300,400,450,475,500,250,0,0,0,0,0,0,0,0,0,0,0,0,0,0,0,0,女,秩序,善,神性 神霊 王
234,紅閻魔,剣,5,2047,13960,1793,11607,地,0.56,0.56,0.56,0.56,0.56,3,10.3,100,24.5,3,1,6,5,5,QAABB,A,900,1200,1350,1425,1500,0,10,0,0,0,10,0,0,0,0,0,0,0,10,0,0,0,女,秩序,善,童話 子供 ｹﾓﾉ科 鬼
235,李書文,殺,5,1843,12568,1772,11470,人,0.99,0.99,0.99,0.99,0.99,4,25.3,97,55,2,1,4,5,1,QAABB,A,1200,1500,1650,1725,1800,0,8,0,0,0,0,0,0,0,0,0,0,0,8,0,0,0,男,中立,悪,
236,美遊・エーデルフェルト,術,4,1920,12005,1438,8629,人,0.81,0.81,0.81,0.81,0.81,3,10.9,49,36,2,3,3,4,0,QAAAB,A,0,0,0,0,0,0,0,0,0,0,0,0,0,0,0,0,0,0,0,0,0,0,女,秩序,善,今を生きる人類 子供
237,紫式部,術,5,1882,12833,1757,11374,人,0.45,0.45,0.45,0.45,0.45,3,10.7,51,42,4,4,4,5,6,QQAAB,A,450,600,675,712.5,750,0,7,0,0,0,0,0,0,0,0,0,0,0,0,0,0,0,女,中立,善,
238,キングプロテア,分,5,1956,13338,1983,12835,地,0.56,0.56,0.56,0.56,0.56,4,10.2,100,45,3,1,3,6,5,QAABB,B,300,400,450,475,500,250,12,11,0,0,8,0,0,0,0,0,0,0,0,0,0,0,女,秩序,善,神性 機械 巨人 超巨大 ｹﾓﾉ科
239,カーマ,殺,5,1890,12889,1781,11528,天,0.74,0.74,0.74,0.74,0.74,4,25,100,31.6,3,4,4,5,10,QQABB,Q,1200,1600,1800,1900,2000,225,0,0,10,0,6,0,0,0,0,0,0,0,0,0,0,0,女,混沌,悪,騎乗 神性 子供@1
241,司馬懿〔ライネス〕,騎,5,1986,13543,1766,11427,人,0.64,0.64,0.64,0.64,0.64,3,8.9,205,30,4,4,3,5,0,QQAAB,A,0,0,0,0,0,0,8,0,8,0,0,0,0,0,0,0,0,0,0,0,0,0,女,中立,中庸,騎乗 今を生きる人類
242,アストライア,裁,4,1845,11531,1622,9734,天,0.43,0.43,0.43,0.43,0.43,3,9.9,100,17.5,4,1,3,5,8,QAABB,A,1200,1500,1650,1725,1800,225,10,0,0,0,10,0,0,0,0,0,0,0,0,0,0,0,女,秩序,善,神性 ﾛｰﾏ 今を生きる人類
243,グレイ,殺,4,1692,10580,1576,9456,人,0.71,0.71,0.71,0.71,0.71,4,25,99,44,3,2,3,5,4,QQQAB,B,400,500,550,575,600,0,0,0,0,0,11,0,0,0,10,0,0,0,0,0,0,0,女,秩序,善,ｱﾙﾄﾘｱ顔 今を生きる人類 円卓
244,大いなる石像神,月,5,2617,17844,1416,9166,天,0.35,0.35,0.35,0.35,0.35,3,14.5,51,0.7,4,4,4,5,3,QAAAB,A,450,600,675,712.5,750,175,0,0,10,0,0,0,0,0,0,0,0,0,0,0,0,0,女,秩序,善,騎乗 神性 今を生きる人類
245,ラクシュミー・バーイー,剣,4,1818,11362,1658,9949,人,1.01,1.01,1.01,1.01,1.01,3,10,96,28,2,4,3,5,4,QQABB,Q,600,800,900,950,1000,200,0,0,8,0,0,0,0,0,0,0,0,0,0,0,0,0,女,秩序,善,騎乗 神性 ｱﾙﾄﾘｱ顔
246,ウィリアム・テル,弓,3,1675,9310,1371,7384,人,0.66,0.66,0.66,0.66,0.66,3,8,148,45,3,3,3,5,3,QAABB,A,900,1200,1350,1425,1500,0,0,0,0,0,10,0,0,0,0,0,0,0,0,0,0,0,男,秩序,善,愛する者 童話
247,アルジュナ〔オルタ〕,狂,5,2029,13837,1803,11669,天,0.98,0.98,0.98,0.98,0.98,5,5.1,9,35.7,2,4,4,4,5,QABBB,B,300,400,450,475,500,250,0,12,0,0,0,0,0,0,0,0,0,0,0,0,0,0,男,秩序,善・悪,神性 神霊
248,アシュヴァッターマン,弓,4,1799,11245,1708,10249,天,0.58,0.58,0.58,0.58,0.58,3,8.1,153,31.5,4,5,4,4,5,QQABB,B,600,800,900,950,1000,210,0,5,0,0,12,0,10,0,0,0,0,0,0,0,0,0,男,混沌,中庸,神性 愛する者
249,アスクレピオス,術,3,1815,10084,1184,6376,地,0.81,0.81,0.81,0.81,0.81,3,11,49,36,2,2,4,4,0,QAAAB,A,0,0,0,0,0,200,10,0,0,0,0,0,0,0,0,0,0,0,0,0,0,0,男,中立,中庸,神性 ｱﾙｺﾞﾉｰﾂ ｷﾞﾘｼｬ男 夏モード@衣
250,魔王信長（織田信長）,讐,5,1724,11761,1953,12641,地,0.49,0.49,0.49,0.49,0.49,5,5.9,30,7,4,6,4,5,6,QABBB,B,300,400,450,475,500,0,0,0,0,0,2,0,0,0,0,0,0,0,0,0,0,0,-,混沌,中庸,性別不明 王 信長
251,森長可,狂,3,1443,8019,1436,7732,人,0.5,0.5,0.5,0.5,0.5,5,4.9,9,65,3,2,3,5,5,QAABB,B,600,800,900,950,1000,0,0,4,0,0,0,0,0,0,0,0,0,0,0,0,0,0,男,混沌,狂,
252,長尾景虎,槍,4,1817,11360,1602,9617,人,0.45,0.45,0.45,0.45,0.45,4,12.2,89,35,4,2,5,5,8,QAABB,A,900,1200,1350,1425,1500,150,0,0,6,0,0,0,0,0,0,0,0,0,0,0,0,0,女,秩序,善,騎乗 神性
253,レオナルド・ダ・ヴィンチ,騎,5,2069,14112,1681,10883,人,0.49,0.49,0.49,0.49,0.49,3,9,205,30,4,2,4,4,3,QAABB,A,450,600,675,712.5,750,0,6,0,8,0,0,0,0,0,0,0,0,0,20,0,0,0,女,秩序,善,騎乗 子供 ｴﾇﾏ特攻無効
254,イアソン,剣,1,1515,7575,992,5457,地,0.37,0.37,0.37,0.37,0.37,3,10,102,31.5,4,1,3,4,5,QAABB,A,450,600,675,712.5,750,0,0,0,8,0,0,0,0,0,0,0,0,0,0,0,0,0,男,秩序,善,騎乗 愛する者 ｱﾙｺﾞﾉｰﾂ ｷﾞﾘｼｬ男
255,パリス,弓,2,1474,7834,1157,6523,地,0.43,0.43,0.43,0.43,0.43,3,8,153,30.3,4,3,3,4,5,QQAAB,Q,1200,1600,1800,1900,2000,0,0,0,0,0,12,0,0,0,0,0,0,0,0,0,0,0,男,中立,中庸,愛する者 ｱﾙｺﾞﾉｰﾂ 子供 ｷﾞﾘｼｬ男
256,ガレス,槍,2,1795,9537,960,5413,地,0.71,0.71,0.71,0.71,0.71,4,12.1,88,36,3,1,4,5,8,QQABB,B,600,800,900,950,1000,0,0,0,8,0,0,0,0,0,0,0,0,0,0,0,0,0,女,秩序,善,騎乗 愛する者 円卓
257,バーソロミュー・ロバーツ,騎,1,1344,6720,993,5461,人,0.65,0.65,0.65,0.65,0.65,3,8.9,200,45,2,2,3,4,6,QQAAB,Q,600,800,900,950,1000,0,0,0,4,0,0,0,0,0,0,0,0,0,0,0,0,0,男,混沌,悪,騎乗 愛する者
258,陳宮,術,2,1459,7755,1085,6119,人,0.4,0.4,0.4,0.4,0.4,3,11,49,42,4,1,3,4,4,QAAAB,A,900,1200,1350,1425,1500,0,6,0,0,0,0,0,0,0,0,0,0,0,0,0,0,0,男,混沌,善,
259,シャルロット・コルデー,殺,1,1244,6220,997,5488,人,0.52,0.52,0.52,0.52,0.52,4,24.7,100,55,3,1,3,5,1,QQAAB,A,900,1200,1350,1425,1500,0,0,0,0,0,0,0,0,0,0,0,0,0,6,0,0,0,女,中立,善,
260,サロメ,狂,2,1296,6885,1221,6884,地,0.51,0.51,0.51,0.51,0.51,5,5,9,58.5,3,3,4,4,3,QAABB,A,900,1200,1350,1425,1500,0,0,5.5,0,0,0,0,0,0,0,0,0,0,0,0,0,0,女,混沌,悪,
261,宮本武蔵,狂,5,1782,12150,1964,12712,人,0.51,0.51,0.51,0.51,0.51,5,5,9,52,3,4,4,5,4,QAABB,A,450,600,675,712.5,750,125,0,12,4,0,0,0,0,0,0,0,0,0,0,0,0,0,女,混沌,善,騎乗 神性 夏モード
262,刑部姫,弓,4,1996,12476,1482,8895,地,0.62,0.62,0.62,0.62,0.62,3,8,153,27,3,3,4,5,4,QAAAB,B,300,400,450,475,500,145,8,0,0,0,10,0,0,0,0,0,0,0,0,0,0,0,女,中立,夏,神性 夏モード
263,カーミラ,騎,4,1676,10476,1608,9651,地,0.52,0.52,0.52,0.52,0.52,3,9.1,200,45,4,3,4,4,4,QQAAB,Q,600,800,900,950,1000,0,0,0,0,0,10,0,0,0,0,0,0,0,8,0,0,0,女,中立,悪,夏モード
264,葛飾北斎,剣,4,1899,11873,1564,9389,人,0.46,0.46,0.46,0.46,0.46,3,10,99,28.8,4,4,4,5,8,QQAAB,A,900,1200,1350,1425,1500,100,0,0,0,0,0,0,0,0,0,0,0,0,0,0,0,0,女,混沌,善,神性 夏モード 人類の脅威
265,アルトリア・ペンドラゴン,裁,5,2480,16912,1482,9593,天,0.57,0.57,0.57,0.57,0.57,3,10,100,21,4,3,4,5,4,QQABB,B,300,400,450,475,500,0,8,0,0,0,0,0,0,0,0,0,0,0,0,0,0,0,女,秩序,夏,竜 ｱﾙﾄﾘｱ顔 ｱｰｻｰ 円卓 王 夏モード ｹﾓﾉ科
266,謎のアルターエゴ・Λ,槍,4,1879,11749,1543,9261,地,0.76,0.76,0.76,0.76,0.76,4,12.1,91,28,2,3,4,5,3,QQAAB,A,450,600,675,712.5,750,200,0,0,6,0,12,0,0,0,0,0,0,0,0,0,0,0,女,秩序,善,騎乗 神性 竜 魔性 機械 夏モード
267,オキタ・J・ソウジ,殺,4,1658,10366,1556,9337,人,0.92,0.92,0.92,0.92,0.92,4,25.3,99,49.5,3,1,5,5,3,QQQAB,Q,600,800,900,950,1000,0,0,0,0,0,0,0,0,0,0,0,0,0,7.5,0,0,0,女,中立,夏,ｱﾙﾄﾘｱ顔 新選組 領域外の生命 夏モード
268,スペース・イシュタル,讐,5,1912,13041,1949,12612,星,0.69,0.69,0.69,0.69,0.69,5,6,29,5,2,3,4,5,3,QAABB,A,450,600,675,712.5,750,270,0,0,0,0,16,0,0,0,0,0,0,0,0,0,0,0,女,秩序,悪,神性 神霊 ｴﾇﾏ特攻無効
269,カラミティ・ジェーン,弓,4,1999,12495,1499,8996,人,0.71,0.71,0.71,0.71,0.71,3,8,153,40.5,3,2,3,4,5,QQAAB,Q,1200,1600,1800,1900,2000,0,0,0,10,0,11,0,0,0,0,0,0,0,10,0,0,0,女,混沌,中庸,騎乗 愛する者
270,アストルフォ,剣,5,2089,14248,1807,11694,地,0.52,0.52,0.52,0.52,0.52,3,10.1,103,24.5,3,4,3,7,9,QQAAB,Q,1200,1600,1800,1900,2000,0,0,0,10,0,0,0,0,0,0,0,0,0,0,0,0,0,-,混沌,善,騎乗 性別不明 ｹﾓﾉ科
271,ナイチンゲール〔サンタ〕,弓,4,1772,11080,1643,9858,人,0.6,0.6,0.6,0.6,0.6,3,8,153,39.3,3,3,4,5,6,QQAAB,Q,600,800,900,950,1000,0,0,12,0,0,11,0,0,0,0,0,0,0,0,0,0,0,女,秩序,善,
272,超人オリオン,弓,5,1979,13494,1940,12557,地,0.96,0.96,0.96,0.96,0.96,3,8,153,36,3,1,3,5,0,QABBB,A,0,0,0,0,0,175,0,0,0,0,12,0,0,0,0,0,0,0,0,0,0,0,男,混沌,中庸,神性 愛する者 ｷﾞﾘｼｬ男
273,マンドリカルド,騎,3,1728,9600,1254,6756,人,0.86,0.86,0.86,0.86,0.86,3,9,200,40,2,1,3,4,4,QQAAB,A,900,1200,1350,1425,1500,0,0,0,8,0,0,0,0,0,0,0,0,0,0,0,0,0,男,中立,中庸,騎乗 愛する者 王 夏モード@衣
274,エウロペ,騎,5,1843,12571,1813,11737,天,0.58,0.58,0.58,0.58,0.58,3,8.9,205,35,3,1,3,5,4,QAABB,B,300,400,450,475,500,150,0,0,11,0,0,0,0,0,0,0,0,0,0,0,0,0,女,中立,善,騎乗 神性 神霊
275,楊貴妃,降,5,1960,13365,1907,12342,人,0.51,0.51,0.51,0.51,0.51,3,15,147,6,4,3,4,4,4,QQAAB,A,900,1200,1350,1425,1500,175,0,0,0,0,0,0,0,0,0,0,0,0,0,0,0,0,女,混沌,善,神性 領域外の生命 人類の脅威
276,清少納言,弓,5,1901,12965,1888,12218,人,0.57,0.57,0.57,0.57,0.57,3,8,153,36,3,2,4,5,4,QQAAB,Q,600,800,900,950,1000,0,0,0,0,0,0,0,0,10,0,0,0,0,0,0,0,0,女,混沌,善,
277,オデュッセウス,騎,5,1948,13284,1822,11795,地,0.58,0.58,0.58,0.58,0.58,3,8.9,208,33.7,4,3,4,5,3,QQAAB,A,450,600,675,712.5,750,0,10,0,9,0,0,0,0,0,0,0,0,0,0,0,0,0,男,中立,善,騎乗 愛する者 王 ｷﾞﾘｼｬ男
278,ディオスクロイ,剣,5,2174,14824,1829,11840,天,0.51,0.51,0.51,0.51,0.51,3,10,99,28,4,2,5,5,8,QQAAB,A,900,1200,1350,1425,1500,225,0,7.5,8,0,6,0,0,0,5,0,0,0,5,0,0,0,-,混沌,中庸,騎乗 神性 神霊 愛する者 性別不明 ｱﾙｺﾞﾉｰﾂ
279,カイニス,槍,4,1845,11532,1649,9896,地,0.86,0.86,0.86,0.86,0.86,4,12.2,90,36,3,3,3,5,3,QQABB,B,300,400,450,475,500,225,8,12,0,0,0,0,0,0,0,0,0,0,0,0,0,0,-,中立,悪,神性 神霊 愛する者 性別不明 ｱﾙｺﾞﾉｰﾂ 王
280,ロムルス＝クィリヌス,槍,5,1999,13632,1896,12273,天,0.59,0.59,0.59,0.59,0.59,4,12.2,93,26,3,3,4,5,5,QAABB,B,300,400,450,475,500,235,0,9,0,0,9,0,0,0,0,0,0,0,0,0,0,0,-,混沌,中庸,神性 ﾛｰﾏ 神霊
281,ボイジャー,降,5,2286,15592,1615,10450,星,0.56,0.56,0.56,0.56,0.56,3,15.1,153,7,3,3,3,5,5,QQAAB,Q,600,800,900,950,1000,0,8,0,0,0,8,0,0,0,0,0,0,0,0,0,0,0,男,中立,善,童話 子供 領域外の生命 ｴﾇﾏ特攻無効
282,鬼女紅葉,狂,4,1800,11250,1529,9177,地,0.85,0.85,0.85,0.85,0.85,5,4.9,9,45.5,3,3,3,5,10,QABBB,B,600,800,900,950,1000,0,0,10,0,0,0,0,0,0,0,0,0,0,0,0,0,0,女,中立,悪,竜 魔性 鬼 魔獣型@1 ｹﾓﾉ科@1
283,宇津見エリセ,槍,4,1918,11991,1520,9122,人,0.63,0.63,0.63,0.63,0.63,4,12,87,32,3,3,4,5,3,QQAAB,A,450,600,675,712.5,750,100,0,0,7,0,8,0,0,0,0,0,0,0,0,0,0,0,女,秩序,中庸,騎乗 神性 今を生きる人類 子供
284,アルトリア・キャスター,術,5,2112,14406,1629,10546,星,0.54,0.54,0.54,0.54,0.54,3,11,50,36,3,3,3,5,0,QAAAB,A,0,0,0,0,0,0,12,0,0,0,0,10,0,0,0,0,0,0,0,0,0,0,女,中立,善,ｱﾙﾄﾘｱ顔 ｱｰｻｰ 円卓 妖精 ｴﾇﾏ特攻無効
285,殺生院キアラ,月,5,2249,15336,1719,11128,地,0.6,0.6,0.6,0.6,0.6,3,14.8,50,0.5,3,3,4,5,3,QAABB,A,450,600,675,712.5,750,0,12,0,0,12,2,0,0,0,0,0,0,0,0,0,0,0,女,秩序,悪,夏モード ﾋﾄ科@1-2 魔獣型@3 ｹﾓﾉ科@3
286,イリヤスフィール・フォン・アインツベルン,弓,4,1746,10914,1683,10098,人,0.63,0.63,0.63,0.63,0.63,3,8,148,31.5,3,3,4,4,5,QQAAB,Q,600,800,900,950,1000,0,0,0,0,0,8,0,0,0,0,0,0,0,0,0,0,0,女,中立,夏,ｲﾘﾔ 今を生きる人類 子供 夏モード
287,ブリュンヒルデ,狂,4,1603,10023,1699,10197,天,0.85,0.85,0.85,0.85,0.85,5,5.1,10,45.5,3,4,3,5,5,QABBB,B,300,400,450,475,500,100,0,3.5,0,0,0,0,0,0,0,0,0,0,0,0,0,0,女,中立,善,神性 神霊 戦乙女 夏モード
288,虞美人,槍,4,1799,11245,1649,9896,地,1.1,1.1,1.1,1.1,1.1,4,12.2,89,24,2,3,3,4,5,QQABB,Q,1200,1600,1800,1900,2000,0,0,0,0,0,0,0,0,0,0,0,0,0,0,0,0,0,女,秩序,悪,魔性 不明な特性 夏モード
289,アビゲイル・ウィリアムズ〔夏〕,降,5,2090,14250,1820,11781,地,0.86,0.86,0.86,0.86,0.86,3,15,150,6,3,3,3,5,3,QQABB,B,300,400,450,475,500,185,0,9,0,0,0,0,0,0,0,0,0,0,0,0,0,0,女,秩序,悪,神性 子供 領域外の生命 夏モード ｴﾇﾏ特攻無効 人類の脅威
290,巴御前,剣,4,1957,12233,1590,9544,地,0.55,0.55,0.55,0.55,0.55,3,10,102,24.5,3,2,4,4,3,QAABB,A,450,600,675,712.5,750,0,0,0,9,0,0,0,0,0,0,0,0,0,0,0,0,0,女,中立,善,騎乗 魔性 源氏 夏モード 鬼
291,紫式部,騎,4,1900,11880,1455,8730,人,0.53,0.53,0.53,0.53,0.53,3,8.8,205,35,4,2,4,4,3,QQAAB,A,1200,1500,1650,1725,1800,0,0,0,9,0,0,0,0,0,0,0,0,0,0,0,0,0,女,中立,善,騎乗 夏モード
292,卑弥呼,裁,5,2200,15000,1647,10659,地,0.57,0.57,0.57,0.57,0.57,3,9.9,100,21,3,1,4,5,0,QAABB,B,0,0,0,0,0,0,10,0,0,0,0,0,0,0,0,0,0,0,0,0,0,0,女,混沌,善,王
293,斎藤一,剣,4,1899,11873,1570,9425,人,0.76,0.76,0.76,0.76,0.76,3,10,102,35,2,2,4,4,7,QAABB,A,900,1200,1350,1425,1500,0,0,0,0,0,6,0,0,0,0,0,0,0,0,0,0,0,男,秩序,中庸,新選組
294,織田信勝,弓,1,1512,7563,930,5116,人,0.75,0.75,0.75,0.75,0.75,3,7.9,145,45,3,2,3,4,0,QQABB,B,0,0,0,0,0,0,0,0,0,0,6,0,0,0,0,0,0,0,0,0,0,0,男,混沌,善,
295,ヴァン・ゴッホ,降,5,2200,15000,1734,11220,地,0.76,0.76,0.76,0.76,0.76,3,14.9,147,6,3,4,4,5,0,QQQAB,A,0,0,0,0,0,185,0,6,0,0,0,0,0,0,0,0,0,0,0,0,0,0,女,混沌,悪,神性 子供 領域外の生命 人類の脅威
296,ネモ,騎,5,2006,13680,1766,11427,天,0.59,0.59,0.59,0.59,0.59,3,8.9,204,30,4,3,3,4,3,QAABB,A,900,1200,1350,1425,1500,200,0,0,11,0,0,10,0,0,0,0,0,0,0,0,0,0,男,混沌,中庸,騎乗 神性 神霊 愛する者 ｱﾙｺﾞﾉｰﾂ ｷﾞﾘｼｬ男
297,蘆屋道満,分,5,1945,13266,1893,12252,地,0.7,0.7,0.7,0.7,0.7,4,9.7,100,25,3,3,4,5,5,QQAAB,Q,600,800,900,950,1000,225,8,0,0,0,0,0,0,0,0,0,0,0,0,0,0,0,-,混沌,悪,神性 魔性 夏モード@衣
298,渡辺綱,剣,4,1799,11248,1687,10123,人,0.6,0.6,0.6,0.6,0.6,3,10.2,100,28,3,2,4,5,3,QAABB,B,600,800,900,950,1000,0,0,0,8,0,0,0,0,0,0,0,0,0,0,0,0,0,男,中立,善,騎乗 愛する者 源氏
299,伊吹童子,剣,5,1979,13498,1964,12709,天,0.78,0.78,0.78,0.78,0.78,3,9.9,98,17.5,3,3,4,5,4,QABBB,B,300,400,450,475,500,250,0,12,9,0,0,0,0,0,0,0,0,0,0,0,0,0,女,混沌,善,騎乗 神性 魔性 竜 神霊 巨人 ｹﾓﾉ科 鬼
300,ヴリトラ,槍,5,1999,13632,1905,12332,天,0.55,0.55,0.55,0.55,0.55,4,12.2,88,24,3,2,4,5,3,QQAAB,A,450,600,675,712.5,750,0,0,10,0,0,0,0,0,0,0,0,0,0,0,0,0,0,女,中立,悪,魔性 竜 神霊 ｹﾓﾉ科
301,カルナ〔サンタ〕,剣,4,2060,12877,1530,9180,天,0.78,0.78,0.78,0.78,0.78,3,10.2,99,31.5,3,3,4,5,8,QQABB,Q,1200,1600,1800,1900,2000,200,0,0,0,0,0,0,12,0,0,0,0,0,0,0,0,0,男,秩序,善,神性
302,千子村正,剣,5,2153,14680,1757,11373,人,0.59,0.59,0.59,0.59,0.59,3,9.8,100,35,3,3,2,5,3,QAABB,A,450,600,675,712.5,750,0,10,0,0,0,5,0,0,0,0,0,0,0,0,0,0,0,男,混沌,中庸,今を生きる人類
303,平景清,讐,5,1777,12117,1963,12705,地,0.81,0.81,0.81,0.81,0.81,5,6.1,30,7,2,2,4,5,10,QQAAB,Q,1200,1600,1800,1900,2000,0,0,0,0,0,6,0,0,0,0,0,0,0,0,0,0,0,-,混沌,悪,愛する者 性別不明 源氏
304,鬼一法眼,殺,4,1786,11168,1572,9434,地,0.56,0.56,0.56,0.56,0.56,4,25.6,100,27.5,4,3,3,4,7,QQABB,Q,600,800,900,950,1000,0,9,0,0,0,0,0,0,0,0,0,0,0,6,0,0,0,-,混沌,中庸,性別不明 魔性
305,アムール〔カレン〕,裁,5,2029,13837,1754,11351,天,0.57,0.57,0.57,0.57,0.57,3,9.9,101,28.8,3,3,4,5,5,QQAAB,Q,800,1000,1100,1150,1200,225,0,0,0,0,10,0,0,0,0,0,0,0,0,0,0,0,女,秩序,善,神性 ﾛｰﾏ 今を生きる人類
306,ガラテア,狂,5,2059,14040,1764,11414,地,0.6,0.6,0.6,0.6,0.6,5,4.8,9,43.8,3,3,5,5,9,QABBB,A,900,1200,1350,1425,1500,0,0,12,0,0,0,0,0,0,0,0,0,0,0,0,0,0,女,混沌,中庸,機械
307,ミス・クレーン,術,5,2195,14971,1506,9749,地,0.39,0.39,0.39,0.39,0.39,3,10.8,49,46.5,4,2,3,5,0,QAAAB,A,0,0,0,0,0,0,7,0,0,0,0,0,0,0,0,0,0,0,0,30,0,0,女,中立,善,童話 ｹﾓﾉ科
308,謎のアイドルX〔オルタ〕,降,4,1980,12375,1507,9045,星,0.9,0.9,0.9,0.9,0.9,3,15,153,6.7,3,4,4,5,4,QQABB,Q,600,800,900,950,1000,0,0,6,0,0,0,0,0,0,0,0,0,0,0,0,0,0,女,中立,善,竜 ｱﾙﾄﾘｱ顔 ｱｰｻｰ 円卓 王 領域外の生命 ｴﾇﾏ特攻無効
309,モルガン,狂,5,1824,12440,1884,12193,地,0.53,0.53,0.53,0.53,0.53,5,5,10,37.3,3,3,4,5,6,QAABB,B,300,400,450,475,500,0,8,8,0,0,0,0,0,0,0,0,0,0,0,0,0,0,女,秩序,悪,ｱﾙﾄﾘｱ顔 王 妖精
310,妖精騎士ガウェイン,剣,4,2163,13521,1453,8721,地,0.74,0.74,0.74,0.74,0.74,3,10.2,99,28,3,2,5,5,5,QABBB,B,300,400,450,475,500,0,0,11,0,0,0,0,0,0,0,0,0,0,0,0,0,0,女,混沌,善,愛する者 ｹﾓﾉ科 妖精 円卓@1
311,妖精騎士トリスタン,弓,4,1940,12127,1575,9455,地,0.58,0.58,0.58,0.58,0.58,3,8.1,147,31.5,3,3,4,5,6,QQAAB,Q,1200,1600,1800,1900,2000,0,10,0,10,0,0,0,0,0,0,0,0,0,0,0,0,0,女,混沌,悪,騎乗 魔性 妖精 円卓@1
312,妖精騎士ランスロット,槍,5,2070,14114,1878,12154,地,0.65,0.65,0.65,0.65,0.65,4,12,90,23,3,3,4,5,5,QAABB,A,900,1200,1350,1425,1500,0,9,0,0,0,0,0,0,0,0,0,0,0,0,0,0,0,女,中立,悪,竜 愛する者 童話 ｹﾓﾉ科 妖精 ｴﾇﾏ特攻無効 円卓@衣 円卓@1
313,パーシヴァル,槍,4,1938,12112,1528,9168,地,0.64,0.64,0.64,0.64,0.64,4,12,89,36,2,3,3,5,4,QAABB,A,450,600,675,712.5,750,0,0,0,7,0,0,0,0,0,0,0,0,0,0,0,0,0,男,秩序,善,騎乗 愛する者 円卓
314,光のコヤンスカヤ,殺,5,1918,13081,1795,11616,獣,0.76,0.76,0.76,0.76,0.76,4,25.5,102,33,4,3,4,5,8,QQABB,B,300,400,450,475,500,0,10,0,8,20,18,0,0,0,0,0,0,0,10,0,0,0,女,秩序,悪,騎乗 神性 魔性 ｹﾓﾉ科
315,ハベトロット,騎,4,1881,11760,1440,8642,地,0.57,0.57,0.57,0.57,0.57,3,9,205,40,3,2,4,4,3,QQAAB,A,450,600,675,712.5,750,0,0,0,6,0,0,0,0,0,0,0,0,0,0,0,0,0,女,中立,善,騎乗 愛する者 童話 妖精
316,オベロン,詐,5,1945,13266,1825,11810,地,0.59,0.59,0.59,0.59,0.59,3,20.5,104,18,4,3,4,6,4,QQABB,B,300,400,450,475,500,0,1.5,0,10,0,0,0,0,0,0,0,0,0,0,0,0,0,男,混沌,悪,騎乗 竜 王 妖精 ｴﾇﾏ特攻無効 人類の脅威
317,沖田総司〔オルタ〕,剣,5,1999,13635,1926,12465,人,0.67,0.67,0.67,0.67,0.67,3,10,98,24.5,4,3,5,5,8,QQABB,Q,600,800,900,950,1000,0,0,0,0,0,10,0,0,0,0,0,0,0,0,0,0,0,-,中立,中庸,ｱﾙﾄﾘｱ顔 性別不明 新選組 夏モード
318,アナスタシア＆ヴィイ,弓,4,1806,11288,1590,9542,人,0.57,0.57,0.57,0.57,0.57,3,8,148,36,3,2,3,5,3,QQAAB,A,900,1200,1350,1425,1500,0,0,0,0,0,10,0,0,0,0,0,0,0,10,0,0,0,女,混沌,夏,夏モード
319,シャルロット・コルデー,術,4,1901,11882,1402,8417,人,0.53,0.53,0.53,0.53,0.53,3,10.7,51,45,3,3,3,4,5,QAAAB,A,900,1200,1350,1425,1500,0,5,0,0,0,0,10,0,0,0,0,0,0,10,0,0,0,女,混沌,夏,夏モード
320,レオナルド・ダ・ヴィンチ,裁,4,1881,11756,1526,9157,人,0.67,0.67,0.67,0.67,0.67,3,10,102,21,3,3,3,3,3,QAABB,B,600,800,900,950,1000,0,0,0,12,0,0,0,0,0,0,0,0,0,0,0,0,0,女,秩序,夏,騎乗 子供 夏モード ｴﾇﾏ特攻無効
321,カーマ,讐,5,1729,11790,2042,13213,天,0.52,0.52,0.52,0.52,0.52,5,6.1,29,5,3,3,4,5,4,QQAAB,A,450,600,675,712.5,750,225,0,0,10,0,10,0,0,0,0,0,0,0,0,0,0,0,女,中立,悪,騎乗 神性 魔性 夏モード 子供@1
322,カイニス,騎,4,1736,10854,1584,9506,地,0.66,0.66,0.66,0.66,0.66,3,9.1,204,45,3,3,3,4,3,QAABB,B,600,800,900,950,1000,225,8,0,12,0,0,0,0,0,0,0,0,0,0,0,0,0,-,中立,夏,騎乗 神性 愛する者 性別不明 神霊 ｱﾙｺﾞﾉｰﾂ 王 夏モード
323,清少納言,狂,4,1587,9922,1657,9942,人,0.77,0.77,0.77,0.77,0.77,5,5,10,65,3,3,4,4,7,QABBB,Q,1200,1600,1800,1900,2000,0,0,4,0,0,0,0,0,0,0,0,0,0,0,0,0,0,女,混沌,夏,夏モード
324,ジャック・ド・モレー,降,5,2367,16143,1679,10868,地,0.78,0.78,0.78,0.78,0.78,3,14.7,148,5,3,4,5,5,5,QQABB,Q,600,800,900,950,1000,175,10,0,0,0,0,0,0,0,0,0,0,0,0,0,0,0,女,中立,悪,神性 領域外の生命 人類の脅威
325,ゼノビア,弓,4,1871,11695,1638,9831,人,0.47,0.47,0.47,0.47,0.47,3,8.1,148,40.5,4,4,3,5,4,QQAAB,A,450,600,675,712.5,750,0,0,0,8,0,8,0,0,0,0,0,0,0,0,0,0,0,女,秩序,善,騎乗 愛する者 王
326,エリザベート・バートリー〔シンデレラ〕,騎,4,1769,11058,1527,9166,人,0.87,0.87,0.87,0.87,0.87,3,9.1,205,35,2,3,4,4,4,QAABB,B,600,800,900,950,1000,0,0,0,12,0,0,0,0,0,0,0,0,0,0,0,0,0,女,混沌,中庸,騎乗 竜 童話
327,出雲阿国,術,5,1901,12965,1757,11374,人,0.8,0.8,0.8,0.8,0.8,3,10.9,51,42,3,3,4,5,10,QQABB,Q,1200,1600,1800,1900,2000,0,4,0,0,0,12,0,0,0,0,0,0,0,0,0,0,0,女,混沌,善,
328,謎の蘭丸X,讐,4,1638,10241,1645,9872,星,0.45,0.45,0.45,0.45,0.45,5,6,29,8,2,2,4,5,4,QAABB,A,450,600,675,712.5,750,0,3,0,0,0,2,0,0,0,0,0,0,0,0,0,0,0,-,秩序,善,性別不明 領域外の生命 ｴﾇﾏ特攻無効
329,坂本龍馬,槍,5,2221,15147,1661,10753,人,0.47,0.47,0.47,0.47,0.47,4,12,91,32,4,4,5,5,3,QAABB,A,450,600,675,712.5,750,0,0,0,12,0,10,0,0,0,0,0,0,0,0,0,0,0,男,中立,中庸,騎乗
330,マルタ〔サンタ〕,術,4,2016,12605,1366,8197,人,0.66,0.66,0.66,0.66,0.66,3,10.8,51,36,3,3,4,4,0,QQAAB,Q,0,0,0,0,0,0,8,0,12,0,0,0,0,0,0,0,0,0,0,0,0,0,女,秩序,善,騎乗
331,太公望,騎,5,1986,13543,1800,11651,地,0.6,0.6,0.6,0.6,0.6,3,9.1,205,25,3,3,4,5,6,QQAAB,Q,600,800,900,950,1000,0,0,0,11,0,0,0,0,0,0,0,0,0,0,0,0,0,男,中立,善,騎乗 愛する者
332,ドブルイニャ・ニキチッチ,騎,4,1710,10692,1632,9795,地,0.86,0.86,0.86,0.86,0.86,3,9,205,40,2,3,3,5,4,QAABB,B,300,400,450,475,500,0,0,0,12,0,0,0,0,0,0,0,0,0,0,0,0,0,女,中立,善,騎乗 竜 愛する者 猛獣 ｹﾓﾉ科
334,闇のコヤンスカヤ,降,5,2156,14700,1734,11220,獣,0.67,0.67,0.67,0.67,0.67,3,14.8,153,6,3,3,4,5,5,QAABB,B,300,400,450,475,500,0,5,0,0,0,0,0,0,0,0,0,0,0,0,0,0,0,女,混沌,悪,神性 魔性 猛獣 領域外の生命 ｹﾓﾉ科
335,ヘファイスティオン,詐,4,1786,11168,1646,9879,地,0.59,0.59,0.59,0.59,0.59,3,19.8,98,17.2,3,3,3,5,4,QAABB,A,900,1200,1350,1425,1500,0,12,0,0,10,12,0,0,0,0,0,0,0,10,0,0,0,女,中立,中庸,愛する者
336,マナナン・マク・リール〔バゼット〕,分,5,1881,12825,1983,12835,天,0.8,0.8,0.8,0.8,0.8,4,10,98,25,3,2,6,5,0,QQABB,Q,600,800,900,950,1000,175,0,0,10,0,5,0,0,0,0,0,0,0,0,0,0,0,女,中立,善,騎乗 神性 今を生きる人類 王
337,徴姉妹,剣,5,2089,14248,1838,11898,人,0.43,0.43,0.43,0.43,0.43,3,10.2,100,21,4,3,3,5,9,QAABB,A,900,1200,1350,1425,1500,150,0,0,8,0,0,0,0,0,0,0,0,0,0,0,0,0,女,秩序,善,騎乗 神性 王
338,太歳星君,分,4,1976,12350,1545,9271,地,0.47,0.47,0.47,0.47,0.47,4,9.8,98,35,3,3,4,4,3,QQAAB,A,450,600,675,712.5,750,195,0,0,0,0,0,0,0,0,0,0,0,0,0,0,0,0,男,中立,中庸,神性 魔性 子供
339,スーパーバニヤン,分,5,1985,13537,1784,11545,地,0.86,0.86,0.86,0.86,0.86,4,9.9,97,40,3,3,4,5,3,QABBB,B,600,800,900,950,1000,0,0,0,0,0,0,0,0,0,0,0,0,0,0,0,0,0,女,中立,中庸,童話 巨人
340,大黒天,術,4,1901,11882,1438,8629,天,0.55,0.55,0.55,0.55,0.55,3,10.7,51,36,3,3,5,5,9,QQAAB,Q,600,800,900,950,1000,95,2,0,0,0,0,0,0,0,0,0,0,0,0,0,0,0,女,中立,善,神性 童話 猛獣 ｹﾓﾉ科
341,メアリー・アニング,槍,1,1438,7194,1013,5574,人,0.41,0.41,0.41,0.41,0.41,4,11.8,87,36,3,3,3,5,4,QAABB,A,450,600,675,712.5,750,0,0,0,0,0,0,0,0,0,0,0,0,0,0,0,0,0,女,中立,中庸,
342,コンスタンティノス11世,騎,5,2046,13953,1688,10923,人,0.52,0.52,0.52,0.52,0.52,3,8.9,198,45,4,3,4,5,0,QAABB,B,0,0,0,0,0,0,0,0,9,0,7.2,0,0,0,0,0,0,0,0,0,0,0,男,秩序,善,騎乗 ﾛｰﾏ 愛する者 王
343,シャルルマーニュ,剣,5,2089,14248,1856,12015,星,0.48,0.48,0.48,0.48,0.48,3,10,102,21,3,5,4,5,12,QQAAB,Q,600,800,900,950,1000,0,0,0,10,0,0,0,0,0,0,0,0,0,0,0,0,0,男,秩序,善,騎乗 ﾛｰﾏ 愛する者 王 ｴﾇﾏ特攻無効
344,ローラン,剣,4,1966,12293,1614,9687,地,0.83,0.83,0.83,0.83,0.83,3,10,100,28,2,3,3,5,4,QAABB,B,600,800,900,950,1000,0,0,0,10,0,0,0,0,0,0,0,0,0,0,0,0,0,男,秩序,善,騎乗 愛する者
345,クリームヒルト,狂,4,1587,9922,1733,10400,地,0.53,0.53,0.53,0.53,0.53,5,4.9,10,39,3,3,3,5,4,QAABB,A,900,1200,1350,1425,1500,0,0,12,0,0,0,0,0,0,0,0,0,0,0,0,0,0,女,混沌,中庸,
346,ジェームズ・モリアーティ,裁,5,2183,14887,1615,10450,人,0.37,0.37,0.37,0.37,0.37,3,10,102,24.5,4,4,4,5,4,QAAAB,A,450,600,675,712.5,750,0,5,0,0,5,10,0,0,0,0,0,0,0,0,0,0,0,男,混沌,悪,
347,ドン・キホーテ,槍,4,2019,12622,1440,8643,地,0.71,0.71,0.71,0.71,0.71,4,11.8,93,32,3,2,5,5,5,QQABB,Q,1200,1600,1800,1900,2000,0,0,0,2,0,0,0,0,0,0,0,0,0,0,0,0,0,男,秩序,善,騎乗 愛する者 ｹﾓﾉ科
348,張角,術,3,1711,9506,1252,6744,人,0.61,0.61,0.61,0.61,0.61,3,10.7,51,34.5,3,3,4,4,5,QQAAB,Q,600,800,900,950,1000,0,8,0,0,0,0,0,0,0,0,0,0,0,0,0,0,0,男,混沌,善,
349,曲亭馬琴,騎,5,2090,14256,1657,10723,人,0.41,0.41,0.41,0.41,0.41,3,9,197,33.7,3,2,3,6,4,QQAAB,A,450,600,675,712.5,750,150,0,0,8,0,0,0,0,0,0,0,0,0,0,0,0,0,女,秩序,中庸,騎乗 神性
350,源為朝,弓,5,1959,13362,1926,12465,人,0.56,0.56,0.56,0.56,0.56,3,8,156,40.5,3,4,3,5,4,QAABB,B,300,400,450,475,500,0,0,0,0,0,8,0,0,0,0,0,0,0,0,0,0,0,男,中立,中庸,愛する者 機械 源氏
351,アーキタイプ：アース,月,5,2079,14175,1792,11601,星,0.45,0.45,0.45,0.45,0.45,3,15,50,0.6,4,3,4,5,4,QAABB,B,300,400,450,475,500,0,12,0,0,0,10,0,0,0,0,0,0,0,0,0,0,0,女,,善,ｴﾇﾏ特攻無効 混沌@ 中立@1
352,徐福,分,3,1675,9310,1359,7318,人,0.59,0.59,0.59,0.59,0.59,4,9.8,100,28.7,3,4,5,4,0,QQAAB,A,0,0,0,0,0,0,8,0,0,0,0,0,0,0,0,0,0,0,0,0,0,0,女,混沌,中庸,
353,レディ・アヴァロン,詐,5,2027,13822,1786,11556,地,0.53,0.53,0.53,0.53,0.53,3,19.8,102,16.5,3,4,4,5,0,QAAAB,A,0,0,0,0,0,0,4,0,0,0,10,0,0,0,0,0,0,0,0,0,0,0,女,混沌,善,円卓 夏モード
354,ガレス,剣,4,2205,13783,1353,8119,地,0.82,0.82,0.82,0.82,0.82,3,10.2,98,31.5,2,4,3,5,4,QAABB,B,300,400,450,475,500,0,0,0,8,0,0,0,0,0,0,0,0,0,0,0,0,0,女,秩序,夏,騎乗 愛する者 円卓 夏モード
355,伊吹童子,狂,5,1782,12150,2003,12961,天,0.38,0.38,0.38,0.38,0.38,5,4.9,9,32.5,3,4,3,5,5,QAABB,A,450,600,675,712.5,750,250,0,14,0,0,0,0,0,0,0,0,0,0,0,0,0,0,女,混沌,夏,神性 魔性 竜 神霊 巨人 ｹﾓﾉ科 夏モード 鬼
356,宇津見エリセ,讐,4,1568,9801,1706,10239,人,0.53,0.53,0.53,0.53,0.53,5,6,29,8,3,2,4,5,4,QQAAB,A,900,1200,1350,1425,1500,100,0,0,7,0,14,0,0,0,0,0,0,0,0,0,0,0,女,秩序,中庸,騎乗 神性 今を生きる人類 子供 夏モード
357,スカサハ＝スカディ,裁,5,2178,14850,1679,10868,天,0.78,0.78,0.78,0.78,0.78,3,9.8,102,17.5,3,4,4,5,6,QQABB,Q,600,800,900,950,1000,250,10,0,0,0,0,0,0,0,0,0,0,0,0,0,0,0,女,混沌,夏,神性 神霊 王 夏モード
358,武則天,術,4,1746,10914,1582,9492,人,0.61,0.61,0.61,0.61,0.61,3,10.7,52,36,3,2,5,5,5,QAABB,B,300,400,450,475,500,0,10,0,0,0,0,0,0,0,0,0,0,0,0,0,0,0,女,秩序,悪,王 夏モード
359,スルーズ,殺,4,1692,10580,1623,9741,天,0.23,0.23,0.23,0.23,0.23,4,25.5,100,31.6,4,3,3,5,10,QQAAB,A,450,600,675,712.5,750,200,0,0,0,0,0,0,0,0,0,0,0,0,8,0,0,0,女,秩序,夏,神性 神霊 戦乙女 夏モード
360,ヒルド,殺,4,1692,10580,1623,9741,天,0.23,0.23,0.23,0.23,0.23,4,25.5,100,31.6,4,3,3,5,10,QQAAB,A,450,600,675,712.5,750,200,0,0,0,0,0,0,0,0,0,0,0,0,8,0,0,0,女,秩序,夏,神性 神霊 戦乙女 夏モード
361,オルトリンデ,殺,4,1692,10580,1623,9741,天,0.23,0.23,0.23,0.23,0.23,4,25.5,100,31.6,4,3,3,5,10,QQAAB,A,450,600,675,712.5,750,200,0,0,0,0,0,0,0,0,0,0,0,0,8,0,0,0,女,秩序,夏,神性 神霊 戦乙女 夏モード
362,千利休,狂,5,1764,12028,1926,12463,人,0.7,0.7,0.7,0.7,0.7,5,4.9,9,45.5,3,3,5,5,6,QQQAB,Q,600,800,900,950,1000,0,8,10,0,0,10,0,0,0,0,0,0,10,0,0,0,0,女,混沌,悪,
363,山南敬助,剣,4,1999,12498,1454,8726,人,0.81,0.81,0.81,0.81,0.81,3,9.9,98,35,2,3,3,5,0,QQAAB,A,0,0,0,0,0,0,0,0,2,0,0,0,0,0,0,0,0,0,0,0,0,0,男,秩序,善,騎乗 新選組
364,壱与,裁,4,1881,11756,1496,8977,地,0.41,0.41,0.41,0.41,0.41,3,10.1,99,24.5,4,3,4,5,4,QQAAB,A,450,600,675,712.5,750,0,8,0,5,0,0,0,0,10,0,0,0,0,0,0,0,0,女,秩序,悪,王
365,呼延灼,殺,5,1965,13402,1700,11004,人,0.53,0.53,0.53,0.53,0.53,4,25.5,98,49.5,4,3,4,5,8,QQABB,Q,600,800,900,950,1000,0,0,0,8,0,0,0,0,0,0,0,0,0,6,0,0,0,女,混沌,悪,騎乗 魔性 猛獣 愛する者 梁山泊 ｹﾓﾉ科
366,黄飛虎,騎,4,1958,12240,1469,8817,地,0.42,0.42,0.42,0.42,0.42,3,9,200,45,4,3,4,5,5,QAABB,B,600,800,900,950,1000,150,0,0,9,0,0,0,10,0,0,0,0,0,0,0,0,0,男,混沌,善,騎乗 神性 愛する者
367,九紋竜エリザ,詐,4,1768,11055,1606,9639,人,0.77,0.77,0.77,0.77,0.77,3,20,104,21,3,3,4,5,9,QQABB,B,300,400,450,475,500,0,6,0,0,0,9,0,0,0,0,0,0,0,6,0,0,0,女,混沌,悪,竜 愛する者 梁山泊 子供
368,ブリトマート,槍,5,2070,14114,1832,11858,地,0.72,0.72,0.72,0.72,0.72,4,20,90,28,3,3,4,5,6,QQABB,Q,600,800,900,950,1000,0,0,0,0,0,0,0,0,0,0,0,0,0,0,0,0,0,女,秩序,善,
369,ラスプーチン,分,5,2069,14107,1716,11107,地,0.42,0.42,0.42,0.42,0.42,4,9.8,100,45,4,4,5,5,4,QQAAB,A,450,600,675,712.5,750,0,8,0,0,0,8,0,0,0,0,0,0,0,8,0,0,0,男,秩序,悪,
370,ニトクリス〔オルタ〕,讐,5,1802,12289,1949,12612,天,0.37,0.37,0.37,0.37,0.37,5,6,31,5,4,3,3,5,4,QAAAB,A,450,600,675,712.5,750,250,0,2,0,0,10,0,0,0,0,0,0,0,0,0,0,0,女,混沌,悪,
371,テスカトリポカ,殺,5,2131,14535,1697,10982,天,0.41,0.41,0.41,0.41,0.41,4,25.5,99,33,3,4,4,6,4,QAABB,A,450,600,675,712.5,750,150,10,10,0,0,0,0,0,0,0,0,0,0,0,0,0,0,男,混沌,善,
372,トラロック,詐,4,1975,12344,1453,8721,地,0.58,0.58,0.58,0.58,0.58,3,19.8,97,21,3,3,4,5,6,QQAAB,Q,600,800,900,950,1000,210,12,0,0,0,0,0,0,0,0,0,0,0,0,0,0,0,女,秩序,善,
373,ククルカン,降,5,1960,13365,1944,12584,星,0.78,0.78,0.78,0.78,0.78,3,15,153,5,3,3,4,5,5,QABBB,B,300,400,450,475,500,0,0,0,0,0,0,0,0,0,0,0,0,0,0,0,0,0,女,秩序,善,
374,女教皇ヨハンナ,裁,5,2286,15592,1564,10126,地,0.55,0.55,0.55,0.55,0.55,3,9.9,104,21,3,3,4,5,3,QQAAB,A,450,600,675,712.5,750,0,10,0,0,0,0,0,0,0,0,0,0,0,0,0,0,0,女,秩序,善,
375,高杉晋作,弓,5,1901,12965,1888,12218,人,0.57,0.57,0.57,0.57,0.57,3,8,149,36,4,4,4,5,8,QQABB,Q,600,800,900,950,1000,0,6,0,0,0,16,0,0,0,0,0,0,0,0,0,0,0,男,混沌,善,
376,ティアマト,分,5,2069,14107,1768,11444,星,0.44,0.44,0.44,0.44,0.44,4,9.8,104,30,4,3,4,5,6,QAABB,B,300,400,450,475,500,300,0,0,0,0,14,0,0,0,0,0,0,0,0,0,0,0,女,混沌,悪,
377,ドラコー,獣,5,1930,13160,1964,12712,獣,0.57,0.57,0.57,0.57,0.57,3,10.2,147,0.6,4,3,5,5,8,QABBB,A,900,1200,1350,1425,1500,0,0,0,0,0,12,0,0,0,0,0,0,0,0,0,0,0,女,混沌,悪,
378,ロクスタ,殺,4,1755,10971,1481,8890,人,0.47,0.47,0.47,0.47,0.47,4,24.2,104,49.5,3,3,4,5,4,QAAAB,A,450,600,675,712.5,750,150,10,10,0,0,0,0,0,0,0,0,0,0,8,0,0,0,女,混沌,中庸,
379,セタンタ,剣,4,1799,11248,1666,9999,地,0.83,0.83,0.83,0.83,0.83,3,10,102,28,2,3,4,5,5,QQAAB,Q,1200,1600,1800,1900,2000,175,0,0,0,0,0,0,0,0,0,0,0,0,0,0,0,0,男,秩序,中庸,
380,果心居士,殺,5,1843,12568,1804,11674,地,0.5,0.5,0.5,0.5,0.5,4,25,102,37.1,4,3,5,5,8,QQAAB,Q,600,800,900,950,1000,0,0,0,6,0,10,0,0,0,0,0,0,0,10,0,0,0,女,中立,悪,
381,ビーマ,槍,5,2059,14045,1901,12302,天,0.72,0.72,0.72,0.72,0.72,4,12.3,89,28,3,3,4,5,5,QQABB,B,600,800,900,950,1000,175,0,0,0,0,0,0,0,0,0,0,0,0,0,0,0,0,男,秩序,善,
382,ドゥリーヨダナ,狂,4,1800,11250,1568,9409,地,0.32,0.32,0.32,0.32,0.32,5,4.9,10,45.5,3,3,5,5,6,QAABB,A,450,600,675,712.5,750,0,0,1,0,0,0,0,0,0,0,0,0,0,0,0,0,0,男,秩序,悪,
383,ドゥルガー,弓,5,1940,13230,1983,12835,天,0.3,0.3,0.3,0.3,0.3,3,8,148,22.5,4,5,4,5,8,QQAAB,A,450,600,675,712.5,750,225,10,0,10,0,16,0,0,0,0,0,0,0,0,0,0,0,女,秩序,中庸,
384,メドゥーサ,剣,5,2089,14248,1856,12015,地,1.14,1.14,1.14,1.14,1.14,3,9.9,97,21,2,4,4,5,9,QQQAB,Q,1200,1600,1800,1900,2000,120,0,0,10,0,0,0,0,0,0,0,0,0,0,0,0,0,女,混沌,中庸,
385,トネリコ,術,5,1920,13097,1828,11828,地,0.62,0.62,0.62,0.62,0.62,3,11,48,30,3,3,4,5,5,QAABB,B,300,400,450,475,500,0,12,0,0,0,0,0,0,0,0,0,0,0,0,0,0,0,女,秩序,善,
386,アルトリア・キャスター,狂,5,1862,12696,1875,12134,星,0.4,0.4,0.4,0.4,0.4,5,5,10,39,4,4,5,5,6,QAABB,A,900,1200,1350,1425,1500,0,0,10,0,0,0,0,0,0,0,0,0,0,0,0,0,0,女,中立,善,
387,鈴鹿御前〔サマバケ〕,騎,4,1787,11172,1558,9349,天,0.55,0.55,0.55,0.55,0.55,3,9.1,200,30,4,3,4,5,5,QQAAB,Q,600,800,900,950,1000,200,6,0,10,0,0,0,0,0,0,0,0,0,0,0,0,0,女,中立,夏,
388,クロエ・フォン・アインツベルン,讐,4,1705,10659,1637,9823,人,0.71,0.71,0.71,0.71,0.71,5,6,29,8,3,3,5,5,9,QQQAB,Q,1200,1600,1800,1900,2000,0,0,0,0,0,15.8,0,0,0,0,0,0,0,0,0,0,0,女,混沌,善,
